kode,nama,date,open,high,low,close,volume
MASB,Bank Multiarta Sentosa Tbk.,2021-06-30,3500.0,4200.0,3500.0,4200.0,1418300
MASB,Bank Multiarta Sentosa Tbk.,2021-07-01,4500.0,5250.0,3910.0,3910.0,12578100
MASB,Bank Multiarta Sentosa Tbk.,2021-07-02,3650.0,3670.0,3640.0,3640.0,377600
MASB,Bank Multiarta Sentosa Tbk.,2021-07-05,3400.0,3580.0,3390.0,3390.0,6681400
MASB,Bank Multiarta Sentosa Tbk.,2021-07-06,3410.0,3740.0,3390.0,3450.0,2626700
MASB,Bank Multiarta Sentosa Tbk.,2021-07-07,3470.0,3520.0,3420.0,3430.0,1008000
MASB,Bank Multiarta Sentosa Tbk.,2021-07-08,3430.0,3470.0,3410.0,3420.0,668900
MASB,Bank Multiarta Sentosa Tbk.,2021-07-09,3430.0,3450.0,3310.0,3390.0,1491600
MASB,Bank Multiarta Sentosa Tbk.,2021-07-12,3400.0,3410.0,3380.0,3390.0,910400
MASB,Bank Multiarta Sentosa Tbk.,2021-07-13,3390.0,3400.0,3350.0,3360.0,1139500
MASB,Bank Multiarta Sentosa Tbk.,2021-07-14,3370.0,3370.0,3350.0,3350.0,514600
MASB,Bank Multiarta Sentosa Tbk.,2021-07-15,3360.0,3400.0,3360.0,3360.0,250300
MASB,Bank Multiarta Sentosa Tbk.,2021-07-16,3360.0,3390.0,3350.0,3350.0,601500
MASB,Bank Multiarta Sentosa Tbk.,2021-07-19,3360.0,3380.0,3350.0,3360.0,297900
MASB,Bank Multiarta Sentosa Tbk.,2021-07-21,3360.0,3370.0,3350.0,3360.0,277600
MASB,Bank Multiarta Sentosa Tbk.,2021-07-22,3360.0,3390.0,3350.0,3350.0,207900
MASB,Bank Multiarta Sentosa Tbk.,2021-07-23,3360.0,3380.0,3350.0,3350.0,490000
MASB,Bank Multiarta Sentosa Tbk.,2021-07-26,3360.0,3370.0,3350.0,3350.0,267400
MASB,Bank Multiarta Sentosa Tbk.,2021-07-27,3360.0,3360.0,3350.0,3350.0,427800
MASB,Bank Multiarta Sentosa Tbk.,2021-07-28,3360.0,3370.0,3350.0,3350.0,262900
MASB,Bank Multiarta Sentosa Tbk.,2021-07-29,3360.0,3360.0,3350.0,3350.0,183200
MASB,Bank Multiarta Sentosa Tbk.,2021-07-30,3360.0,3370.0,3350.0,3350.0,492400
MASB,Bank Multiarta Sentosa Tbk.,2021-08-02,3350.0,3360.0,3340.0,3350.0,439400
MASB,Bank Multiarta Sentosa Tbk.,2021-08-03,3350.0,3360.0,3350.0,3350.0,78000
MASB,Bank Multiarta Sentosa Tbk.,2021-08-04,3350.0,3380.0,3350.0,3350.0,274100
MASB,Bank Multiarta Sentosa Tbk.,2021-08-05,3350.0,3500.0,3350.0,3360.0,345600
MASB,Bank Multiarta Sentosa Tbk.,2021-08-06,3360.0,3490.0,3360.0,3400.0,350700
MASB,Bank Multiarta Sentosa Tbk.,2021-08-09,3470.0,3500.0,3420.0,3430.0,225000
MASB,Bank Multiarta Sentosa Tbk.,2021-08-10,3430.0,3460.0,3410.0,3410.0,164800
MASB,Bank Multiarta Sentosa Tbk.,2021-08-12,3440.0,3440.0,3410.0,3410.0,178900
MASB,Bank Multiarta Sentosa Tbk.,2021-08-13,3430.0,3440.0,3410.0,3410.0,154700
MASB,Bank Multiarta Sentosa Tbk.,2021-08-16,3410.0,3460.0,3410.0,3410.0,86300
MASB,Bank Multiarta Sentosa Tbk.,2021-08-18,3410.0,3450.0,3410.0,3430.0,117900
MASB,Bank Multiarta Sentosa Tbk.,2021-08-19,3430.0,3430.0,3410.0,3420.0,219500
MASB,Bank Multiarta Sentosa Tbk.,2021-08-20,3420.0,3430.0,3410.0,3430.0,77500
MASB,Bank Multiarta Sentosa Tbk.,2021-08-23,3420.0,3430.0,3410.0,3430.0,215400
MASB,Bank Multiarta Sentosa Tbk.,2021-08-24,3420.0,3430.0,3420.0,3420.0,57500
MASB,Bank Multiarta Sentosa Tbk.,2021-08-25,3420.0,3430.0,3420.0,3420.0,73500
MASB,Bank Multiarta Sentosa Tbk.,2021-08-26,3420.0,3430.0,3420.0,3420.0,33500
MASB,Bank Multiarta Sentosa Tbk.,2021-08-27,3420.0,3440.0,3420.0,3420.0,174300
MASB,Bank Multiarta Sentosa Tbk.,2021-08-30,3420.0,3440.0,3420.0,3430.0,46900
MASB,Bank Multiarta Sentosa Tbk.,2021-08-31,3420.0,3440.0,3420.0,3420.0,57900
MASB,Bank Multiarta Sentosa Tbk.,2021-09-01,3430.0,3440.0,3420.0,3420.0,110200
MASB,Bank Multiarta Sentosa Tbk.,2021-09-02,3420.0,3430.0,3420.0,3420.0,102000
MASB,Bank Multiarta Sentosa Tbk.,2021-09-03,3450.0,3450.0,3420.0,3420.0,43800
MASB,Bank Multiarta Sentosa Tbk.,2021-09-06,3430.0,3440.0,3430.0,3430.0,59400
MASB,Bank Multiarta Sentosa Tbk.,2021-09-07,3440.0,3440.0,3430.0,3430.0,44600
MASB,Bank Multiarta Sentosa Tbk.,2021-09-08,3430.0,3440.0,3430.0,3430.0,53400
MASB,Bank Multiarta Sentosa Tbk.,2021-09-09,3440.0,3440.0,3430.0,3430.0,202700
MASB,Bank Multiarta Sentosa Tbk.,2021-09-10,3430.0,3450.0,3430.0,3430.0,40700
MASB,Bank Multiarta Sentosa Tbk.,2021-09-13,3440.0,3440.0,3430.0,3430.0,20800
MASB,Bank Multiarta Sentosa Tbk.,2021-09-14,3450.0,3450.0,3430.0,3430.0,37500
MASB,Bank Multiarta Sentosa Tbk.,2021-09-15,3430.0,3430.0,3420.0,3430.0,376800
MASB,Bank Multiarta Sentosa Tbk.,2021-09-16,3430.0,3440.0,3430.0,3430.0,123300
MASB,Bank Multiarta Sentosa Tbk.,2021-09-17,3450.0,3450.0,3430.0,3430.0,5500
MASB,Bank Multiarta Sentosa Tbk.,2021-09-20,3430.0,3440.0,3430.0,3430.0,96100
MASB,Bank Multiarta Sentosa Tbk.,2021-09-21,3430.0,3440.0,3430.0,3430.0,182600
MASB,Bank Multiarta Sentosa Tbk.,2021-09-22,3440.0,3440.0,3430.0,3430.0,4900
MASB,Bank Multiarta Sentosa Tbk.,2021-09-23,3440.0,3450.0,3440.0,3440.0,35300
MASB,Bank Multiarta Sentosa Tbk.,2021-09-24,3440.0,3450.0,3440.0,3440.0,8400
MASB,Bank Multiarta Sentosa Tbk.,2021-09-27,3440.0,3450.0,3440.0,3450.0,18900
MASB,Bank Multiarta Sentosa Tbk.,2021-09-28,3440.0,3440.0,3440.0,3440.0,25500
MASB,Bank Multiarta Sentosa Tbk.,2021-09-29,3440.0,3450.0,3440.0,3450.0,36700
MASB,Bank Multiarta Sentosa Tbk.,2021-09-30,3450.0,3450.0,3440.0,3440.0,5400
MASB,Bank Multiarta Sentosa Tbk.,2021-10-01,3440.0,3440.0,3440.0,3440.0,29900
MASB,Bank Multiarta Sentosa Tbk.,2021-10-04,3440.0,3450.0,3440.0,3440.0,44300
MASB,Bank Multiarta Sentosa Tbk.,2021-10-05,3440.0,3450.0,3440.0,3440.0,31500
MASB,Bank Multiarta Sentosa Tbk.,2021-10-06,3440.0,3440.0,3440.0,3440.0,155600
MASB,Bank Multiarta Sentosa Tbk.,2021-10-07,3440.0,3580.0,3440.0,3490.0,16200
MASB,Bank Multiarta Sentosa Tbk.,2021-10-08,3490.0,3500.0,3470.0,3470.0,6500
MASB,Bank Multiarta Sentosa Tbk.,2021-10-11,3460.0,3540.0,3460.0,3540.0,31100
MASB,Bank Multiarta Sentosa Tbk.,2021-10-12,3520.0,3540.0,3510.0,3510.0,22700
MASB,Bank Multiarta Sentosa Tbk.,2021-10-13,3480.0,3510.0,3480.0,3500.0,10600
MASB,Bank Multiarta Sentosa Tbk.,2021-10-14,3480.0,3550.0,3480.0,3490.0,7000
MASB,Bank Multiarta Sentosa Tbk.,2021-10-15,3480.0,3490.0,3480.0,3490.0,4600
MASB,Bank Multiarta Sentosa Tbk.,2021-10-18,3490.0,3490.0,3480.0,3480.0,5000
MASB,Bank Multiarta Sentosa Tbk.,2021-10-19,3510.0,3510.0,3480.0,3500.0,4800
MASB,Bank Multiarta Sentosa Tbk.,2021-10-21,3500.0,3500.0,3480.0,3490.0,31700
MASB,Bank Multiarta Sentosa Tbk.,2021-10-22,3480.0,3490.0,3480.0,3490.0,9400
MASB,Bank Multiarta Sentosa Tbk.,2021-10-25,3480.0,3510.0,3480.0,3480.0,3200
MASB,Bank Multiarta Sentosa Tbk.,2021-10-26,3480.0,3510.0,3480.0,3490.0,22000
MASB,Bank Multiarta Sentosa Tbk.,2021-10-27,3480.0,3510.0,3480.0,3500.0,25900
MASB,Bank Multiarta Sentosa Tbk.,2021-10-28,3490.0,3520.0,3480.0,3500.0,10100
MASB,Bank Multiarta Sentosa Tbk.,2021-10-29,3490.0,3500.0,3480.0,3500.0,25400
MASB,Bank Multiarta Sentosa Tbk.,2021-11-01,3490.0,3490.0,3480.0,3480.0,13300
MASB,Bank Multiarta Sentosa Tbk.,2021-11-02,3480.0,3490.0,3470.0,3490.0,315400
MASB,Bank Multiarta Sentosa Tbk.,2021-11-03,3480.0,3500.0,3480.0,3500.0,86900
MASB,Bank Multiarta Sentosa Tbk.,2021-11-04,3500.0,3510.0,3490.0,3510.0,6500
MASB,Bank Multiarta Sentosa Tbk.,2021-11-05,3510.0,3510.0,3490.0,3500.0,2400
MASB,Bank Multiarta Sentosa Tbk.,2021-11-08,3520.0,3520.0,3480.0,3500.0,9400
MASB,Bank Multiarta Sentosa Tbk.,2021-11-09,3500.0,3600.0,3500.0,3560.0,81400
MASB,Bank Multiarta Sentosa Tbk.,2021-11-10,3590.0,3590.0,3500.0,3550.0,3600
MASB,Bank Multiarta Sentosa Tbk.,2021-11-11,3490.0,3550.0,3490.0,3540.0,2300
MASB,Bank Multiarta Sentosa Tbk.,2021-11-12,3490.0,3540.0,3490.0,3530.0,4100
MASB,Bank Multiarta Sentosa Tbk.,2021-11-15,3530.0,3530.0,3510.0,3530.0,14800
MASB,Bank Multiarta Sentosa Tbk.,2021-11-16,3500.0,3530.0,3500.0,3530.0,10500
MASB,Bank Multiarta Sentosa Tbk.,2021-11-17,3500.0,3530.0,3500.0,3530.0,12700
MASB,Bank Multiarta Sentosa Tbk.,2021-11-18,3520.0,3530.0,3500.0,3530.0,8400
MASB,Bank Multiarta Sentosa Tbk.,2021-11-19,3520.0,3570.0,3500.0,3540.0,8100
MASB,Bank Multiarta Sentosa Tbk.,2021-11-22,3500.0,3580.0,3500.0,3540.0,76000
MASB,Bank Multiarta Sentosa Tbk.,2021-11-23,3510.0,3570.0,3500.0,3540.0,1900
MASB,Bank Multiarta Sentosa Tbk.,2021-11-24,3510.0,3520.0,3500.0,3500.0,70500
MASB,Bank Multiarta Sentosa Tbk.,2021-11-25,3500.0,3540.0,3500.0,3540.0,9200
MASB,Bank Multiarta Sentosa Tbk.,2021-11-26,3550.0,3550.0,3500.0,3520.0,23200
MASB,Bank Multiarta Sentosa Tbk.,2021-11-29,3510.0,3520.0,3500.0,3520.0,8100
MASB,Bank Multiarta Sentosa Tbk.,2021-11-30,3500.0,3510.0,3500.0,3500.0,10100
MASB,Bank Multiarta Sentosa Tbk.,2021-12-01,3500.0,3530.0,3500.0,3500.0,71300
MASB,Bank Multiarta Sentosa Tbk.,2021-12-02,3500.0,3540.0,3500.0,3500.0,31000
MASB,Bank Multiarta Sentosa Tbk.,2021-12-03,3500.0,3590.0,3500.0,3590.0,130300
MASB,Bank Multiarta Sentosa Tbk.,2021-12-06,3590.0,3590.0,3520.0,3570.0,8500
MASB,Bank Multiarta Sentosa Tbk.,2021-12-07,3570.0,3570.0,3520.0,3540.0,2300
MASB,Bank Multiarta Sentosa Tbk.,2021-12-08,3540.0,3600.0,3540.0,3590.0,75200
MASB,Bank Multiarta Sentosa Tbk.,2021-12-09,3590.0,3600.0,3540.0,3580.0,7900
MASB,Bank Multiarta Sentosa Tbk.,2021-12-10,3590.0,3590.0,3530.0,3580.0,9100
MASB,Bank Multiarta Sentosa Tbk.,2021-12-13,3580.0,3580.0,3580.0,3580.0,100
MASB,Bank Multiarta Sentosa Tbk.,2021-12-14,3530.0,3580.0,3530.0,3530.0,7700
MASB,Bank Multiarta Sentosa Tbk.,2021-12-15,3530.0,3580.0,3500.0,3530.0,10600
MASB,Bank Multiarta Sentosa Tbk.,2021-12-16,3530.0,3580.0,3530.0,3560.0,8800
MASB,Bank Multiarta Sentosa Tbk.,2021-12-17,3550.0,3560.0,3510.0,3560.0,9600
MASB,Bank Multiarta Sentosa Tbk.,2021-12-20,3580.0,3580.0,3520.0,3570.0,2600
MASB,Bank Multiarta Sentosa Tbk.,2021-12-21,3570.0,3570.0,3570.0,3570.0,10200
MASB,Bank Multiarta Sentosa Tbk.,2021-12-22,3580.0,3590.0,3510.0,3580.0,17700
MASB,Bank Multiarta Sentosa Tbk.,2021-12-23,3570.0,3580.0,3500.0,3580.0,28400
MASB,Bank Multiarta Sentosa Tbk.,2021-12-24,3510.0,3580.0,3510.0,3570.0,1200
MASB,Bank Multiarta Sentosa Tbk.,2021-12-27,3520.0,3560.0,3510.0,3550.0,4500
MASB,Bank Multiarta Sentosa Tbk.,2021-12-28,3580.0,3580.0,3560.0,3570.0,1000
MASB,Bank Multiarta Sentosa Tbk.,2021-12-29,3500.0,3570.0,3500.0,3540.0,17900
MASB,Bank Multiarta Sentosa Tbk.,2021-12-30,3570.0,3570.0,3470.0,3550.0,116500
MASB,Bank Multiarta Sentosa Tbk.,2022-01-03,3550.0,3550.0,3510.0,3550.0,600
MASB,Bank Multiarta Sentosa Tbk.,2022-01-04,3520.0,3550.0,3500.0,3550.0,13400
MASB,Bank Multiarta Sentosa Tbk.,2022-01-05,3550.0,3550.0,3450.0,3540.0,315800
MASB,Bank Multiarta Sentosa Tbk.,2022-01-06,3480.0,3550.0,3480.0,3540.0,4200
MASB,Bank Multiarta Sentosa Tbk.,2022-01-07,3500.0,3550.0,3500.0,3500.0,21000
MASB,Bank Multiarta Sentosa Tbk.,2022-01-10,3530.0,3540.0,3490.0,3540.0,3200
MASB,Bank Multiarta Sentosa Tbk.,2022-01-11,3490.0,3540.0,3490.0,3530.0,1300
MASB,Bank Multiarta Sentosa Tbk.,2022-01-12,3500.0,3530.0,3490.0,3490.0,36700
MASB,Bank Multiarta Sentosa Tbk.,2022-01-13,3530.0,3530.0,3490.0,3490.0,33600
MASB,Bank Multiarta Sentosa Tbk.,2022-01-14,3530.0,3530.0,3480.0,3490.0,118500
MASB,Bank Multiarta Sentosa Tbk.,2022-01-17,3490.0,3530.0,3490.0,3490.0,22600
MASB,Bank Multiarta Sentosa Tbk.,2022-01-18,3530.0,3530.0,3490.0,3510.0,36600
MASB,Bank Multiarta Sentosa Tbk.,2022-01-19,3490.0,3510.0,3490.0,3500.0,143300
MASB,Bank Multiarta Sentosa Tbk.,2022-01-20,3480.0,3500.0,3480.0,3490.0,45200
MASB,Bank Multiarta Sentosa Tbk.,2022-01-21,3490.0,3500.0,3490.0,3500.0,20300
MASB,Bank Multiarta Sentosa Tbk.,2022-01-24,3490.0,3500.0,3490.0,3500.0,40700
MASB,Bank Multiarta Sentosa Tbk.,2022-01-25,3490.0,3490.0,3480.0,3490.0,180300
MASB,Bank Multiarta Sentosa Tbk.,2022-01-26,3500.0,3500.0,3480.0,3500.0,11300
MASB,Bank Multiarta Sentosa Tbk.,2022-01-27,3520.0,3520.0,3490.0,3520.0,3200
MASB,Bank Multiarta Sentosa Tbk.,2022-01-28,3520.0,3520.0,3490.0,3490.0,22500
MASB,Bank Multiarta Sentosa Tbk.,2022-01-31,3520.0,3520.0,3500.0,3500.0,57200
MASB,Bank Multiarta Sentosa Tbk.,2022-02-02,3520.0,3540.0,3520.0,3530.0,18400
MASB,Bank Multiarta Sentosa Tbk.,2022-02-03,3590.0,3590.0,3530.0,3530.0,24200
MASB,Bank Multiarta Sentosa Tbk.,2022-02-04,3530.0,3580.0,3510.0,3510.0,40500
MASB,Bank Multiarta Sentosa Tbk.,2022-02-07,3560.0,3560.0,3510.0,3540.0,13600
MASB,Bank Multiarta Sentosa Tbk.,2022-02-08,3510.0,3560.0,3510.0,3550.0,12000
MASB,Bank Multiarta Sentosa Tbk.,2022-02-09,3510.0,3540.0,3510.0,3540.0,9900
MASB,Bank Multiarta Sentosa Tbk.,2022-02-10,3510.0,3560.0,3510.0,3530.0,7800
MASB,Bank Multiarta Sentosa Tbk.,2022-02-11,3510.0,3520.0,3510.0,3520.0,6300
MASB,Bank Multiarta Sentosa Tbk.,2022-02-14,3550.0,3550.0,3510.0,3530.0,4500
MASB,Bank Multiarta Sentosa Tbk.,2022-02-15,3510.0,3520.0,3500.0,3520.0,120500
MASB,Bank Multiarta Sentosa Tbk.,2022-02-16,3520.0,3520.0,3500.0,3500.0,58700
MASB,Bank Multiarta Sentosa Tbk.,2022-02-17,3510.0,3510.0,3510.0,3510.0,51800
MASB,Bank Multiarta Sentosa Tbk.,2022-02-18,3510.0,3520.0,3500.0,3510.0,204300
MASB,Bank Multiarta Sentosa Tbk.,2022-02-21,3510.0,3510.0,3510.0,3510.0,55800
MASB,Bank Multiarta Sentosa Tbk.,2022-02-22,3510.0,3510.0,3510.0,3510.0,32400
MASB,Bank Multiarta Sentosa Tbk.,2022-02-23,3510.0,3510.0,3510.0,3510.0,1200
MASB,Bank Multiarta Sentosa Tbk.,2022-02-24,3510.0,3520.0,3500.0,3500.0,311500
MASB,Bank Multiarta Sentosa Tbk.,2022-02-25,3510.0,3510.0,3510.0,3510.0,24500
MASB,Bank Multiarta Sentosa Tbk.,2022-03-01,3510.0,3510.0,3510.0,3510.0,3800
MASB,Bank Multiarta Sentosa Tbk.,2022-03-02,3510.0,3520.0,3510.0,3510.0,37700
MASB,Bank Multiarta Sentosa Tbk.,2022-03-04,3510.0,3510.0,3500.0,3500.0,170800
MASB,Bank Multiarta Sentosa Tbk.,2022-03-07,3510.0,3510.0,3510.0,3510.0,21600
MASB,Bank Multiarta Sentosa Tbk.,2022-03-08,3520.0,3520.0,3510.0,3510.0,30000
MASB,Bank Multiarta Sentosa Tbk.,2022-03-09,3510.0,3520.0,3510.0,3510.0,37500
MASB,Bank Multiarta Sentosa Tbk.,2022-03-10,3510.0,3510.0,3510.0,3510.0,16200
MASB,Bank Multiarta Sentosa Tbk.,2022-03-11,3510.0,3510.0,3510.0,3510.0,3200
MASB,Bank Multiarta Sentosa Tbk.,2022-03-14,3510.0,3510.0,3510.0,3510.0,0
MASB,Bank Multiarta Sentosa Tbk.,2022-03-15,3510.0,3510.0,3510.0,3510.0,25100
MASB,Bank Multiarta Sentosa Tbk.,2022-03-16,3520.0,3550.0,3510.0,3510.0,4400
MASB,Bank Multiarta Sentosa Tbk.,2022-03-17,3510.0,3520.0,3510.0,3520.0,8100
MASB,Bank Multiarta Sentosa Tbk.,2022-03-18,3510.0,3520.0,3510.0,3510.0,3100
MASB,Bank Multiarta Sentosa Tbk.,2022-03-21,3510.0,3520.0,3510.0,3520.0,6400
MASB,Bank Multiarta Sentosa Tbk.,2022-03-22,3520.0,3520.0,3510.0,3510.0,600
MASB,Bank Multiarta Sentosa Tbk.,2022-03-23,3510.0,3510.0,3510.0,3510.0,200
MASB,Bank Multiarta Sentosa Tbk.,2022-03-24,3510.0,3510.0,3510.0,3510.0,10000
MASB,Bank Multiarta Sentosa Tbk.,2022-03-25,3510.0,3520.0,3510.0,3520.0,3200
MASB,Bank Multiarta Sentosa Tbk.,2022-03-28,3520.0,3520.0,3510.0,3510.0,1600
MASB,Bank Multiarta Sentosa Tbk.,2022-03-29,3520.0,3520.0,3510.0,3510.0,1300
MASB,Bank Multiarta Sentosa Tbk.,2022-03-30,3510.0,3510.0,3510.0,3510.0,3500
MASB,Bank Multiarta Sentosa Tbk.,2022-03-31,3510.0,3510.0,3510.0,3510.0,13700
MASB,Bank Multiarta Sentosa Tbk.,2022-04-01,3520.0,3520.0,3510.0,3510.0,4700
MASB,Bank Multiarta Sentosa Tbk.,2022-04-04,3510.0,3520.0,3510.0,3520.0,700
MASB,Bank Multiarta Sentosa Tbk.,2022-04-05,3520.0,3520.0,3510.0,3510.0,15200
MASB,Bank Multiarta Sentosa Tbk.,2022-04-06,3510.0,3510.0,3510.0,3510.0,13100
MASB,Bank Multiarta Sentosa Tbk.,2022-04-07,3510.0,3520.0,3510.0,3520.0,200
MASB,Bank Multiarta Sentosa Tbk.,2022-04-08,3520.0,3520.0,3520.0,3520.0,900
MASB,Bank Multiarta Sentosa Tbk.,2022-04-11,3520.0,3520.0,3520.0,3520.0,1200
MASB,Bank Multiarta Sentosa Tbk.,2022-04-12,3510.0,3510.0,3510.0,3510.0,52000
MASB,Bank Multiarta Sentosa Tbk.,2022-04-13,3510.0,3510.0,3500.0,3500.0,246900
MASB,Bank Multiarta Sentosa Tbk.,2022-04-14,3510.0,3510.0,3510.0,3510.0,52300
MASB,Bank Multiarta Sentosa Tbk.,2022-04-18,3510.0,3510.0,3510.0,3510.0,38600
MASB,Bank Multiarta Sentosa Tbk.,2022-04-19,3510.0,3520.0,3510.0,3520.0,700
MASB,Bank Multiarta Sentosa Tbk.,2022-04-20,3510.0,3510.0,3510.0,3510.0,800
MASB,Bank Multiarta Sentosa Tbk.,2022-04-21,3510.0,3510.0,3500.0,3510.0,67700
MASB,Bank Multiarta Sentosa Tbk.,2022-04-22,3510.0,3510.0,3500.0,3500.0,85500
MASB,Bank Multiarta Sentosa Tbk.,2022-04-25,3520.0,3560.0,3510.0,3520.0,22500
MASB,Bank Multiarta Sentosa Tbk.,2022-04-26,3510.0,3560.0,3510.0,3520.0,5100
MASB,Bank Multiarta Sentosa Tbk.,2022-04-27,3550.0,3550.0,3520.0,3520.0,10500
MASB,Bank Multiarta Sentosa Tbk.,2022-04-28,3560.0,3560.0,3560.0,3560.0,100
MASB,Bank Multiarta Sentosa Tbk.,2022-05-09,3520.0,3560.0,3520.0,3520.0,1100
MASB,Bank Multiarta Sentosa Tbk.,2022-05-10,3520.0,3520.0,3500.0,3500.0,81100
MASB,Bank Multiarta Sentosa Tbk.,2022-05-11,3560.0,3560.0,3550.0,3550.0,10100
MASB,Bank Multiarta Sentosa Tbk.,2022-05-12,3550.0,3550.0,3550.0,3550.0,0
MASB,Bank Multiarta Sentosa Tbk.,2022-05-13,3510.0,3510.0,3510.0,3510.0,32000
MASB,Bank Multiarta Sentosa Tbk.,2022-05-17,3510.0,3530.0,3510.0,3530.0,3100
MASB,Bank Multiarta Sentosa Tbk.,2022-05-18,3510.0,3510.0,3510.0,3510.0,51600
MASB,Bank Multiarta Sentosa Tbk.,2022-05-19,3510.0,3510.0,3510.0,3510.0,33900
MASB,Bank Multiarta Sentosa Tbk.,2022-05-20,3510.0,3510.0,3510.0,3510.0,3000
MASB,Bank Multiarta Sentosa Tbk.,2022-05-23,3510.0,3510.0,3510.0,3510.0,20000
MASB,Bank Multiarta Sentosa Tbk.,2022-05-24,3510.0,3510.0,3510.0,3510.0,0
MASB,Bank Multiarta Sentosa Tbk.,2022-05-25,3520.0,3520.0,3520.0,3520.0,100
MASB,Bank Multiarta Sentosa Tbk.,2022-05-27,3520.0,3520.0,3510.0,3510.0,500
MASB,Bank Multiarta Sentosa Tbk.,2022-05-30,3510.0,3510.0,3510.0,3510.0,19400
MASB,Bank Multiarta Sentosa Tbk.,2022-05-31,3510.0,3510.0,3500.0,3500.0,121700
MASB,Bank Multiarta Sentosa Tbk.,2022-06-02,3510.0,3510.0,3510.0,3510.0,12400
MASB,Bank Multiarta Sentosa Tbk.,2022-06-03,3510.0,3510.0,3510.0,3510.0,4900
MASB,Bank Multiarta Sentosa Tbk.,2022-06-06,3510.0,3510.0,3510.0,3510.0,400
MASB,Bank Multiarta Sentosa Tbk.,2022-06-07,3510.0,3510.0,3510.0,3510.0,6000
MASB,Bank Multiarta Sentosa Tbk.,2022-06-08,3510.0,3510.0,3510.0,3510.0,100
MASB,Bank Multiarta Sentosa Tbk.,2022-06-09,3510.0,3510.0,3510.0,3510.0,43900
MASB,Bank Multiarta Sentosa Tbk.,2022-06-10,3510.0,3510.0,3510.0,3510.0,1000
MASB,Bank Multiarta Sentosa Tbk.,2022-06-13,3520.0,3520.0,3500.0,3500.0,83300
MASB,Bank Multiarta Sentosa Tbk.,2022-06-14,3510.0,3510.0,3510.0,3510.0,50000
MASB,Bank Multiarta Sentosa Tbk.,2022-06-15,3510.0,3510.0,3500.0,3500.0,70100
MASB,Bank Multiarta Sentosa Tbk.,2022-06-16,3510.0,3510.0,3510.0,3510.0,44100
MASB,Bank Multiarta Sentosa Tbk.,2022-06-17,3510.0,3510.0,3510.0,3510.0,6700
MASB,Bank Multiarta Sentosa Tbk.,2022-06-20,3510.0,3510.0,3510.0,3510.0,100
MASB,Bank Multiarta Sentosa Tbk.,2022-06-21,3510.0,3510.0,3510.0,3510.0,6800
MASB,Bank Multiarta Sentosa Tbk.,2022-06-22,3510.0,3510.0,3510.0,3510.0,5000
MASB,Bank Multiarta Sentosa Tbk.,2022-06-23,3510.0,3510.0,3510.0,3510.0,0
MASB,Bank Multiarta Sentosa Tbk.,2022-06-24,3510.0,3510.0,3510.0,3510.0,100
MASB,Bank Multiarta Sentosa Tbk.,2022-06-27,3510.0,3510.0,3510.0,3510.0,23100
MASB,Bank Multiarta Sentosa Tbk.,2022-06-28,3510.0,3510.0,3500.0,3500.0,70300
MASB,Bank Multiarta Sentosa Tbk.,2022-06-29,3510.0,3510.0,3500.0,3500.0,247300
MASB,Bank Multiarta Sentosa Tbk.,2022-06-30,3510.0,3510.0,3410.0,3500.0,336600
MASB,Bank Multiarta Sentosa Tbk.,2022-07-01,3510.0,3510.0,3410.0,3500.0,335100
MASB,Bank Multiarta Sentosa Tbk.,2022-07-04,3510.0,3510.0,3410.0,3410.0,336300
MASB,Bank Multiarta Sentosa Tbk.,2022-07-05,3410.0,3480.0,3410.0,3450.0,40000
MASB,Bank Multiarta Sentosa Tbk.,2022-07-06,3450.0,3490.0,3450.0,3450.0,16300
MASB,Bank Multiarta Sentosa Tbk.,2022-07-07,3450.0,3450.0,3430.0,3430.0,15700
MASB,Bank Multiarta Sentosa Tbk.,2022-07-08,3430.0,3430.0,3430.0,3430.0,23000
MASB,Bank Multiarta Sentosa Tbk.,2022-07-11,3430.0,3430.0,3420.0,3420.0,23700
MASB,Bank Multiarta Sentosa Tbk.,2022-07-12,3420.0,3420.0,3420.0,3420.0,36100
MASB,Bank Multiarta Sentosa Tbk.,2022-07-13,3420.0,3420.0,3420.0,3420.0,15000
MASB,Bank Multiarta Sentosa Tbk.,2022-07-14,3420.0,3430.0,3420.0,3430.0,2000
MASB,Bank Multiarta Sentosa Tbk.,2022-07-15,3430.0,3430.0,3430.0,3430.0,0
MASB,Bank Multiarta Sentosa Tbk.,2022-07-18,3410.0,3410.0,3410.0,3410.0,300
MASB,Bank Multiarta Sentosa Tbk.,2022-07-19,3410.0,3420.0,3410.0,3410.0,3300
MASB,Bank Multiarta Sentosa Tbk.,2022-07-20,3410.0,3500.0,3390.0,3500.0,6200
MASB,Bank Multiarta Sentosa Tbk.,2022-07-21,3410.0,3410.0,3410.0,3410.0,2700
MASB,Bank Multiarta Sentosa Tbk.,2022-07-22,3420.0,3420.0,3420.0,3420.0,800
MASB,Bank Multiarta Sentosa Tbk.,2022-07-25,3390.0,3390.0,3330.0,3360.0,10100
MASB,Bank Multiarta Sentosa Tbk.,2022-07-26,3340.0,3340.0,3330.0,3340.0,1700
MASB,Bank Multiarta Sentosa Tbk.,2022-07-27,3340.0,3340.0,3340.0,3340.0,3300
MASB,Bank Multiarta Sentosa Tbk.,2022-07-28,3340.0,3340.0,3310.0,3340.0,4200
MASB,Bank Multiarta Sentosa Tbk.,2022-07-29,3330.0,3330.0,3330.0,3330.0,400
MASB,Bank Multiarta Sentosa Tbk.,2022-08-01,3340.0,3340.0,3310.0,3310.0,6600
MASB,Bank Multiarta Sentosa Tbk.,2022-08-02,3310.0,3340.0,3250.0,3270.0,10600
MASB,Bank Multiarta Sentosa Tbk.,2022-08-03,3270.0,3330.0,3270.0,3330.0,2200
MASB,Bank Multiarta Sentosa Tbk.,2022-08-04,3330.0,3330.0,3300.0,3300.0,1100
MASB,Bank Multiarta Sentosa Tbk.,2022-08-05,3260.0,3260.0,3200.0,3210.0,11800
MASB,Bank Multiarta Sentosa Tbk.,2022-08-08,3210.0,3220.0,3210.0,3220.0,2700
MASB,Bank Multiarta Sentosa Tbk.,2022-08-09,3310.0,3310.0,3300.0,3300.0,9400
MASB,Bank Multiarta Sentosa Tbk.,2022-08-10,3300.0,3300.0,3250.0,3260.0,500
MASB,Bank Multiarta Sentosa Tbk.,2022-08-11,3270.0,3350.0,3270.0,3350.0,3300
MASB,Bank Multiarta Sentosa Tbk.,2022-08-12,3350.0,3380.0,3350.0,3380.0,30000
MASB,Bank Multiarta Sentosa Tbk.,2022-08-15,3380.0,3460.0,3380.0,3450.0,31800
MASB,Bank Multiarta Sentosa Tbk.,2022-08-16,3350.0,3350.0,3350.0,3350.0,500
MASB,Bank Multiarta Sentosa Tbk.,2022-08-18,3330.0,3330.0,3330.0,3330.0,500
MASB,Bank Multiarta Sentosa Tbk.,2022-08-19,3400.0,3450.0,3400.0,3450.0,62400
MASB,Bank Multiarta Sentosa Tbk.,2022-08-22,3450.0,3460.0,3450.0,3450.0,9200
MASB,Bank Multiarta Sentosa Tbk.,2022-08-23,3470.0,3470.0,3460.0,3470.0,41500
MASB,Bank Multiarta Sentosa Tbk.,2022-08-24,3480.0,3480.0,3470.0,3470.0,38800
MASB,Bank Multiarta Sentosa Tbk.,2022-08-25,3490.0,3520.0,3490.0,3520.0,142700
MASB,Bank Multiarta Sentosa Tbk.,2022-08-26,3520.0,3520.0,3520.0,3520.0,3200
MASB,Bank Multiarta Sentosa Tbk.,2022-08-29,3520.0,3540.0,3520.0,3540.0,2400
MASB,Bank Multiarta Sentosa Tbk.,2022-08-30,3530.0,3530.0,3510.0,3510.0,53600
MASB,Bank Multiarta Sentosa Tbk.,2022-08-31,3520.0,3520.0,3520.0,3520.0,45400
MASB,Bank Multiarta Sentosa Tbk.,2022-09-01,3520.0,3540.0,3520.0,3520.0,2300
MASB,Bank Multiarta Sentosa Tbk.,2022-09-02,3520.0,3520.0,3520.0,3520.0,14500
MASB,Bank Multiarta Sentosa Tbk.,2022-09-05,3520.0,3540.0,3520.0,3520.0,7600
MASB,Bank Multiarta Sentosa Tbk.,2022-09-06,3520.0,3540.0,3520.0,3520.0,17300
MASB,Bank Multiarta Sentosa Tbk.,2022-09-07,3540.0,3540.0,3520.0,3520.0,1800
MASB,Bank Multiarta Sentosa Tbk.,2022-09-08,3520.0,3520.0,3520.0,3520.0,0
MASB,Bank Multiarta Sentosa Tbk.,2022-09-09,3470.0,3520.0,3400.0,3410.0,10800
MASB,Bank Multiarta Sentosa Tbk.,2022-09-12,3410.0,3520.0,3410.0,3510.0,75200
MASB,Bank Multiarta Sentosa Tbk.,2022-09-13,3500.0,3520.0,3500.0,3520.0,50000
MASB,Bank Multiarta Sentosa Tbk.,2022-09-14,3520.0,3530.0,3520.0,3530.0,52500
MASB,Bank Multiarta Sentosa Tbk.,2022-09-15,3520.0,3520.0,3520.0,3520.0,20700
MASB,Bank Multiarta Sentosa Tbk.,2022-09-16,3520.0,3520.0,3520.0,3520.0,13100
MASB,Bank Multiarta Sentosa Tbk.,2022-09-19,3520.0,3520.0,3510.0,3510.0,101700
MASB,Bank Multiarta Sentosa Tbk.,2022-09-20,3520.0,3530.0,3520.0,3520.0,11600
MASB,Bank Multiarta Sentosa Tbk.,2022-09-21,3520.0,3520.0,3510.0,3510.0,61000
MASB,Bank Multiarta Sentosa Tbk.,2022-09-22,3520.0,3530.0,3510.0,3510.0,61100
MASB,Bank Multiarta Sentosa Tbk.,2022-09-23,3530.0,3550.0,3530.0,3530.0,63100
MASB,Bank Multiarta Sentosa Tbk.,2022-09-26,3530.0,3550.0,3530.0,3530.0,51400
MASB,Bank Multiarta Sentosa Tbk.,2022-09-27,3530.0,3530.0,3530.0,3530.0,13200
MASB,Bank Multiarta Sentosa Tbk.,2022-09-28,3530.0,3530.0,3530.0,3530.0,2000
MASB,Bank Multiarta Sentosa Tbk.,2022-09-29,3530.0,3530.0,3530.0,3530.0,6100
MASB,Bank Multiarta Sentosa Tbk.,2022-09-30,3530.0,3540.0,3530.0,3540.0,5300
MASB,Bank Multiarta Sentosa Tbk.,2022-10-03,3530.0,3530.0,3530.0,3530.0,6700
MASB,Bank Multiarta Sentosa Tbk.,2022-10-04,3530.0,3530.0,3530.0,3530.0,4000
MASB,Bank Multiarta Sentosa Tbk.,2022-10-05,3530.0,3540.0,3530.0,3530.0,1700
MASB,Bank Multiarta Sentosa Tbk.,2022-10-06,3530.0,3530.0,3530.0,3530.0,0
MASB,Bank Multiarta Sentosa Tbk.,2022-10-07,3530.0,3530.0,3530.0,3530.0,0
MASB,Bank Multiarta Sentosa Tbk.,2022-10-10,3530.0,3530.0,3530.0,3530.0,0
MASB,Bank Multiarta Sentosa Tbk.,2022-10-11,3530.0,3540.0,3480.0,3480.0,10400
MASB,Bank Multiarta Sentosa Tbk.,2022-10-12,3480.0,3480.0,3480.0,3480.0,1100
MASB,Bank Multiarta Sentosa Tbk.,2022-10-13,3520.0,3560.0,3520.0,3530.0,26800
MASB,Bank Multiarta Sentosa Tbk.,2022-10-14,3540.0,3540.0,3530.0,3530.0,3000
MASB,Bank Multiarta Sentosa Tbk.,2022-10-17,3530.0,3530.0,3530.0,3530.0,34000
MASB,Bank Multiarta Sentosa Tbk.,2022-10-18,3530.0,3530.0,3530.0,3530.0,2400
MASB,Bank Multiarta Sentosa Tbk.,2022-10-19,3530.0,3530.0,3530.0,3530.0,19800
MASB,Bank Multiarta Sentosa Tbk.,2022-10-20,3530.0,3530.0,3530.0,3530.0,12700
MASB,Bank Multiarta Sentosa Tbk.,2022-10-21,3540.0,3550.0,3530.0,3530.0,62600
MASB,Bank Multiarta Sentosa Tbk.,2022-10-24,3530.0,4400.0,3520.0,3520.0,284200
MASB,Bank Multiarta Sentosa Tbk.,2022-10-25,3600.0,3600.0,3530.0,3530.0,54700
MASB,Bank Multiarta Sentosa Tbk.,2022-10-26,3540.0,3540.0,3530.0,3540.0,3300
MASB,Bank Multiarta Sentosa Tbk.,2022-10-27,3550.0,3550.0,3540.0,3540.0,300
MASB,Bank Multiarta Sentosa Tbk.,2022-10-28,3540.0,3570.0,3500.0,3570.0,1900
MASB,Bank Multiarta Sentosa Tbk.,2022-10-31,3590.0,3590.0,3490.0,3490.0,1400
MASB,Bank Multiarta Sentosa Tbk.,2022-11-01,3520.0,3520.0,3520.0,3520.0,300
MASB,Bank Multiarta Sentosa Tbk.,2022-11-02,3530.0,3990.0,3530.0,3990.0,68400
MASB,Bank Multiarta Sentosa Tbk.,2022-11-03,3720.0,3800.0,3720.0,3800.0,800
MASB,Bank Multiarta Sentosa Tbk.,2022-11-04,3600.0,3780.0,3540.0,3600.0,27200
MASB,Bank Multiarta Sentosa Tbk.,2022-11-07,3500.0,3700.0,3470.0,3600.0,6800
MASB,Bank Multiarta Sentosa Tbk.,2022-11-08,3630.0,3630.0,3480.0,3620.0,11800
MASB,Bank Multiarta Sentosa Tbk.,2022-11-09,3620.0,3650.0,3480.0,3480.0,27800
MASB,Bank Multiarta Sentosa Tbk.,2022-11-10,3480.0,3600.0,3480.0,3480.0,800
MASB,Bank Multiarta Sentosa Tbk.,2022-11-11,3580.0,3580.0,3480.0,3480.0,200
MASB,Bank Multiarta Sentosa Tbk.,2022-11-14,3530.0,3600.0,3530.0,3540.0,800
MASB,Bank Multiarta Sentosa Tbk.,2022-11-15,3540.0,3540.0,3520.0,3520.0,72100
MASB,Bank Multiarta Sentosa Tbk.,2022-11-16,3600.0,3600.0,3530.0,3540.0,9000
MASB,Bank Multiarta Sentosa Tbk.,2022-11-17,3540.0,3600.0,3530.0,3530.0,3500
MASB,Bank Multiarta Sentosa Tbk.,2022-11-18,3530.0,3550.0,3530.0,3550.0,11900
MASB,Bank Multiarta Sentosa Tbk.,2022-11-21,3600.0,3600.0,3500.0,3500.0,200
MASB,Bank Multiarta Sentosa Tbk.,2022-11-22,3600.0,3600.0,3530.0,3530.0,4400
MASB,Bank Multiarta Sentosa Tbk.,2022-11-23,3550.0,3550.0,3540.0,3540.0,600
MASB,Bank Multiarta Sentosa Tbk.,2022-11-24,3540.0,3540.0,3540.0,3540.0,0
MASB,Bank Multiarta Sentosa Tbk.,2022-11-25,3540.0,3540.0,3540.0,3540.0,3300
MASB,Bank Multiarta Sentosa Tbk.,2022-11-28,3540.0,3540.0,3540.0,3540.0,300
MASB,Bank Multiarta Sentosa Tbk.,2022-11-29,3540.0,3540.0,3530.0,3540.0,1000
MASB,Bank Multiarta Sentosa Tbk.,2022-11-30,3530.0,3540.0,3530.0,3540.0,400
MASB,Bank Multiarta Sentosa Tbk.,2022-12-01,3530.0,3540.0,3530.0,3530.0,10300
MASB,Bank Multiarta Sentosa Tbk.,2022-12-02,3600.0,3600.0,3530.0,3530.0,1700
MASB,Bank Multiarta Sentosa Tbk.,2022-12-05,3600.0,3600.0,3530.0,3540.0,32400
MASB,Bank Multiarta Sentosa Tbk.,2022-12-06,3600.0,3600.0,3530.0,3530.0,10100
MASB,Bank Multiarta Sentosa Tbk.,2022-12-07,3530.0,3600.0,3530.0,3530.0,6300
MASB,Bank Multiarta Sentosa Tbk.,2022-12-08,3600.0,3600.0,3480.0,3490.0,400
MASB,Bank Multiarta Sentosa Tbk.,2022-12-09,3600.0,3600.0,3560.0,3600.0,29400
MASB,Bank Multiarta Sentosa Tbk.,2022-12-12,3700.0,3700.0,3600.0,3620.0,27000
MASB,Bank Multiarta Sentosa Tbk.,2022-12-13,3620.0,3700.0,3600.0,3690.0,96000
MASB,Bank Multiarta Sentosa Tbk.,2022-12-14,3600.0,3700.0,3510.0,3680.0,302000
MASB,Bank Multiarta Sentosa Tbk.,2022-12-15,3600.0,3630.0,3500.0,3500.0,202300
MASB,Bank Multiarta Sentosa Tbk.,2022-12-16,3600.0,3600.0,3580.0,3580.0,350700
MASB,Bank Multiarta Sentosa Tbk.,2022-12-19,3580.0,3600.0,3500.0,3570.0,286300
MASB,Bank Multiarta Sentosa Tbk.,2022-12-20,3550.0,3570.0,3540.0,3540.0,156400
MASB,Bank Multiarta Sentosa Tbk.,2022-12-21,3550.0,3560.0,3540.0,3540.0,180800
MASB,Bank Multiarta Sentosa Tbk.,2022-12-22,3550.0,3550.0,3500.0,3500.0,185100
MASB,Bank Multiarta Sentosa Tbk.,2022-12-23,3540.0,3540.0,3520.0,3520.0,183400
MASB,Bank Multiarta Sentosa Tbk.,2022-12-26,3540.0,3540.0,3530.0,3530.0,150100
MASB,Bank Multiarta Sentosa Tbk.,2022-12-27,3540.0,3540.0,3530.0,3530.0,150300
MASB,Bank Multiarta Sentosa Tbk.,2022-12-28,3530.0,3540.0,3500.0,3500.0,120100
MASB,Bank Multiarta Sentosa Tbk.,2022-12-29,3530.0,3540.0,3530.0,3540.0,120100
MASB,Bank Multiarta Sentosa Tbk.,2022-12-30,3540.0,3540.0,3530.0,3530.0,120600
MASB,Bank Multiarta Sentosa Tbk.,2023-01-02,3530.0,3530.0,3530.0,3530.0,0
MASB,Bank Multiarta Sentosa Tbk.,2023-01-03,3530.0,3530.0,3530.0,3530.0,0
MASB,Bank Multiarta Sentosa Tbk.,2023-01-04,3530.0,3530.0,3530.0,3530.0,0
MASB,Bank Multiarta Sentosa Tbk.,2023-01-05,3520.0,3520.0,3480.0,3480.0,26400
MASB,Bank Multiarta Sentosa Tbk.,2023-01-06,3480.0,3480.0,3480.0,3480.0,1500
MASB,Bank Multiarta Sentosa Tbk.,2023-01-09,3490.0,3490.0,3480.0,3480.0,6700
MASB,Bank Multiarta Sentosa Tbk.,2023-01-10,3480.0,3480.0,3480.0,3480.0,100
MASB,Bank Multiarta Sentosa Tbk.,2023-01-11,3480.0,3480.0,3480.0,3480.0,1200
MASB,Bank Multiarta Sentosa Tbk.,2023-01-12,3480.0,3480.0,3470.0,3470.0,31900
MASB,Bank Multiarta Sentosa Tbk.,2023-01-13,3470.0,3470.0,3470.0,3470.0,12200
MASB,Bank Multiarta Sentosa Tbk.,2023-01-16,3470.0,3470.0,3470.0,3470.0,2000
MASB,Bank Multiarta Sentosa Tbk.,2023-01-17,3470.0,3470.0,3450.0,3450.0,15700
MASB,Bank Multiarta Sentosa Tbk.,2023-01-18,3450.0,3450.0,3450.0,3450.0,2500
MASB,Bank Multiarta Sentosa Tbk.,2023-01-19,3450.0,3450.0,3450.0,3450.0,0
MASB,Bank Multiarta Sentosa Tbk.,2023-01-20,3450.0,3450.0,3450.0,3450.0,1600
MASB,Bank Multiarta Sentosa Tbk.,2023-01-24,3450.0,3450.0,3450.0,3450.0,0
MASB,Bank Multiarta Sentosa Tbk.,2023-01-25,3450.0,3450.0,3450.0,3450.0,21700
MASB,Bank Multiarta Sentosa Tbk.,2023-01-26,3450.0,3450.0,3450.0,3450.0,500
MASB,Bank Multiarta Sentosa Tbk.,2023-01-27,3450.0,3450.0,3450.0,3450.0,0
MASB,Bank Multiarta Sentosa Tbk.,2023-01-30,3450.0,3450.0,3450.0,3450.0,0
MASB,Bank Multiarta Sentosa Tbk.,2023-01-31,3460.0,3460.0,3460.0,3460.0,1000
MASB,Bank Multiarta Sentosa Tbk.,2023-02-01,3600.0,3600.0,3600.0,3600.0,100
MASB,Bank Multiarta Sentosa Tbk.,2023-02-02,3600.0,3600.0,3600.0,3600.0,0
MASB,Bank Multiarta Sentosa Tbk.,2023-02-03,3600.0,3600.0,3600.0,3600.0,0
MASB,Bank Multiarta Sentosa Tbk.,2023-02-06,3500.0,3500.0,3460.0,3460.0,11000
MASB,Bank Multiarta Sentosa Tbk.,2023-02-07,3460.0,3460.0,3430.0,3450.0,32000
MASB,Bank Multiarta Sentosa Tbk.,2023-02-08,3450.0,3450.0,3450.0,3450.0,0
MASB,Bank Multiarta Sentosa Tbk.,2023-02-09,3450.0,3450.0,3450.0,3450.0,0
MASB,Bank Multiarta Sentosa Tbk.,2023-02-10,3450.0,3450.0,3450.0,3450.0,100
MASB,Bank Multiarta Sentosa Tbk.,2023-02-13,3450.0,3450.0,3450.0,3450.0,0
MASB,Bank Multiarta Sentosa Tbk.,2023-02-14,3490.0,3490.0,3490.0,3490.0,500
MASB,Bank Multiarta Sentosa Tbk.,2023-02-15,3450.0,3450.0,3320.0,3390.0,50000
MASB,Bank Multiarta Sentosa Tbk.,2023-02-16,3400.0,3450.0,3400.0,3450.0,70800
MASB,Bank Multiarta Sentosa Tbk.,2023-02-17,3450.0,3450.0,3450.0,3450.0,0
MASB,Bank Multiarta Sentosa Tbk.,2023-02-20,3370.0,3450.0,3370.0,3450.0,700
MASB,Bank Multiarta Sentosa Tbk.,2023-02-21,3450.0,3450.0,3450.0,3450.0,500
MASB,Bank Multiarta Sentosa Tbk.,2023-02-22,3450.0,3450.0,3450.0,3450.0,400
MASB,Bank Multiarta Sentosa Tbk.,2023-02-23,3450.0,3450.0,3450.0,3450.0,3300
MASB,Bank Multiarta Sentosa Tbk.,2023-02-24,3450.0,3450.0,3450.0,3450.0,100
MASB,Bank Multiarta Sentosa Tbk.,2023-02-27,3450.0,3540.0,3390.0,3470.0,500
MASB,Bank Multiarta Sentosa Tbk.,2023-02-28,3510.0,3510.0,3470.0,3470.0,200
MASB,Bank Multiarta Sentosa Tbk.,2023-03-01,3380.0,3540.0,3380.0,3450.0,7800
MASB,Bank Multiarta Sentosa Tbk.,2023-03-02,3450.0,3520.0,3450.0,3450.0,13500
MASB,Bank Multiarta Sentosa Tbk.,2023-03-03,3500.0,3500.0,3500.0,3500.0,100
MASB,Bank Multiarta Sentosa Tbk.,2023-03-06,3490.0,3490.0,3490.0,3490.0,100
MASB,Bank Multiarta Sentosa Tbk.,2023-03-07,3450.0,3600.0,3450.0,3580.0,3300
MASB,Bank Multiarta Sentosa Tbk.,2023-03-08,3580.0,3580.0,3580.0,3580.0,200
MASB,Bank Multiarta Sentosa Tbk.,2023-03-09,3580.0,3580.0,3580.0,3580.0,100
MASB,Bank Multiarta Sentosa Tbk.,2023-03-10,3580.0,3580.0,3580.0,3580.0,100
MASB,Bank Multiarta Sentosa Tbk.,2023-03-13,3580.0,3580.0,3380.0,3380.0,200
MASB,Bank Multiarta Sentosa Tbk.,2023-03-14,3380.0,3390.0,3380.0,3390.0,1400
MASB,Bank Multiarta Sentosa Tbk.,2023-03-15,3390.0,3390.0,3390.0,3390.0,1400
MASB,Bank Multiarta Sentosa Tbk.,2023-03-16,3390.0,3390.0,3390.0,3390.0,0
MASB,Bank Multiarta Sentosa Tbk.,2023-03-17,3420.0,3420.0,3420.0,3420.0,200
MASB,Bank Multiarta Sentosa Tbk.,2023-03-20,3420.0,3420.0,3420.0,3420.0,0
MASB,Bank Multiarta Sentosa Tbk.,2023-03-21,3420.0,3420.0,3420.0,3420.0,0
MASB,Bank Multiarta Sentosa Tbk.,2023-03-24,3420.0,3420.0,3420.0,3420.0,0
MASB,Bank Multiarta Sentosa Tbk.,2023-03-27,3420.0,3430.0,3420.0,3430.0,15600
MASB,Bank Multiarta Sentosa Tbk.,2023-03-28,3390.0,3390.0,3390.0,3390.0,100
MASB,Bank Multiarta Sentosa Tbk.,2023-03-29,3420.0,3420.0,3420.0,3420.0,100
MASB,Bank Multiarta Sentosa Tbk.,2023-03-30,3420.0,3420.0,3420.0,3420.0,400
MASB,Bank Multiarta Sentosa Tbk.,2023-03-31,3450.0,3450.0,3450.0,3450.0,29000
MASB,Bank Multiarta Sentosa Tbk.,2023-04-03,3450.0,3450.0,3380.0,3380.0,400
MASB,Bank Multiarta Sentosa Tbk.,2023-04-04,3380.0,3380.0,3380.0,3380.0,0
MASB,Bank Multiarta Sentosa Tbk.,2023-04-05,3380.0,3380.0,3380.0,3380.0,0
MASB,Bank Multiarta Sentosa Tbk.,2023-04-06,3380.0,3380.0,3380.0,3380.0,0
MASB,Bank Multiarta Sentosa Tbk.,2023-04-10,3380.0,3410.0,3370.0,3410.0,9700
MASB,Bank Multiarta Sentosa Tbk.,2023-04-11,3410.0,3410.0,3410.0,3410.0,0
MASB,Bank Multiarta Sentosa Tbk.,2023-04-12,3370.0,3410.0,3370.0,3380.0,2500
MASB,Bank Multiarta Sentosa Tbk.,2023-04-13,3400.0,3420.0,3400.0,3420.0,45500
MASB,Bank Multiarta Sentosa Tbk.,2023-04-14,3400.0,3410.0,3400.0,3400.0,10100
MASB,Bank Multiarta Sentosa Tbk.,2023-04-17,3400.0,3410.0,3400.0,3410.0,5200
MASB,Bank Multiarta Sentosa Tbk.,2023-04-18,3410.0,3410.0,3400.0,3400.0,10100
MASB,Bank Multiarta Sentosa Tbk.,2023-04-26,3320.0,3320.0,3320.0,3320.0,300
MASB,Bank Multiarta Sentosa Tbk.,2023-04-27,3320.0,3330.0,3320.0,3330.0,600
MASB,Bank Multiarta Sentosa Tbk.,2023-04-28,3400.0,3420.0,3400.0,3400.0,6900
MASB,Bank Multiarta Sentosa Tbk.,2023-05-02,3390.0,3400.0,3180.0,3180.0,10300
MASB,Bank Multiarta Sentosa Tbk.,2023-05-03,3400.0,3400.0,3400.0,3400.0,53100
MASB,Bank Multiarta Sentosa Tbk.,2023-05-04,3400.0,3420.0,3390.0,3420.0,105900
MASB,Bank Multiarta Sentosa Tbk.,2023-05-05,3400.0,3430.0,3400.0,3430.0,121500
MASB,Bank Multiarta Sentosa Tbk.,2023-05-08,3400.0,3410.0,3400.0,3410.0,6300
MASB,Bank Multiarta Sentosa Tbk.,2023-05-09,3400.0,3400.0,3380.0,3380.0,6100
MASB,Bank Multiarta Sentosa Tbk.,2023-05-10,3400.0,3400.0,3400.0,3400.0,200
MASB,Bank Multiarta Sentosa Tbk.,2023-05-11,3320.0,3320.0,3320.0,3320.0,200
MASB,Bank Multiarta Sentosa Tbk.,2023-05-12,3390.0,3400.0,3350.0,3350.0,1700
MASB,Bank Multiarta Sentosa Tbk.,2023-05-15,3350.0,3350.0,3330.0,3330.0,400
MASB,Bank Multiarta Sentosa Tbk.,2023-05-16,3330.0,3430.0,3330.0,3340.0,102100
MASB,Bank Multiarta Sentosa Tbk.,2023-05-17,3390.0,3390.0,3390.0,3390.0,100
MASB,Bank Multiarta Sentosa Tbk.,2023-05-19,3390.0,3390.0,3390.0,3390.0,3500
MASB,Bank Multiarta Sentosa Tbk.,2023-05-22,3390.0,3390.0,3390.0,3390.0,100
MASB,Bank Multiarta Sentosa Tbk.,2023-05-23,3390.0,3390.0,3390.0,3390.0,300
MASB,Bank Multiarta Sentosa Tbk.,2023-05-24,3330.0,3330.0,3330.0,3330.0,100
MASB,Bank Multiarta Sentosa Tbk.,2023-05-25,3430.0,3430.0,3320.0,3410.0,131700
MASB,Bank Multiarta Sentosa Tbk.,2023-05-26,3330.0,3390.0,3330.0,3390.0,200
MASB,Bank Multiarta Sentosa Tbk.,2023-05-29,3390.0,3390.0,3390.0,3390.0,300
MASB,Bank Multiarta Sentosa Tbk.,2023-05-30,3390.0,3390.0,3390.0,3390.0,0
MASB,Bank Multiarta Sentosa Tbk.,2023-05-31,3390.0,3400.0,3390.0,3400.0,300
MASB,Bank Multiarta Sentosa Tbk.,2023-06-05,3390.0,3400.0,3390.0,3390.0,600
MASB,Bank Multiarta Sentosa Tbk.,2023-06-06,3330.0,3330.0,3330.0,3330.0,3000
MASB,Bank Multiarta Sentosa Tbk.,2023-06-07,3390.0,3400.0,3390.0,3400.0,500
MASB,Bank Multiarta Sentosa Tbk.,2023-06-08,3320.0,3400.0,3320.0,3400.0,700
MASB,Bank Multiarta Sentosa Tbk.,2023-06-09,3400.0,3400.0,3400.0,3400.0,3800
MASB,Bank Multiarta Sentosa Tbk.,2023-06-12,3400.0,3400.0,3400.0,3400.0,0
MASB,Bank Multiarta Sentosa Tbk.,2023-06-13,3400.0,3400.0,3400.0,3400.0,1600
MASB,Bank Multiarta Sentosa Tbk.,2023-06-14,3390.0,3390.0,3390.0,3390.0,5500
MASB,Bank Multiarta Sentosa Tbk.,2023-06-15,3390.0,3390.0,3390.0,3390.0,0
MASB,Bank Multiarta Sentosa Tbk.,2023-06-16,3400.0,3400.0,3400.0,3400.0,100
MASB,Bank Multiarta Sentosa Tbk.,2023-06-19,3390.0,3400.0,3390.0,3390.0,500
MASB,Bank Multiarta Sentosa Tbk.,2023-06-20,3380.0,3380.0,3360.0,3360.0,1400
MASB,Bank Multiarta Sentosa Tbk.,2023-06-21,3390.0,3420.0,3390.0,3420.0,205100
MASB,Bank Multiarta Sentosa Tbk.,2023-06-22,3400.0,3400.0,3400.0,3400.0,10600
MASB,Bank Multiarta Sentosa Tbk.,2023-06-23,3390.0,3390.0,3390.0,3390.0,700
MASB,Bank Multiarta Sentosa Tbk.,2023-06-26,3330.0,3390.0,3330.0,3390.0,3500
MASB,Bank Multiarta Sentosa Tbk.,2023-06-27,3390.0,3390.0,3390.0,3390.0,0
MASB,Bank Multiarta Sentosa Tbk.,2023-07-03,3290.0,3420.0,3010.0,3170.0,369100
MASB,Bank Multiarta Sentosa Tbk.,2023-07-04,3160.0,3160.0,3100.0,3100.0,26700
MASB,Bank Multiarta Sentosa Tbk.,2023-07-05,3100.0,3120.0,3060.0,3060.0,50700
MASB,Bank Multiarta Sentosa Tbk.,2023-07-06,3060.0,3100.0,3020.0,3050.0,32800
MASB,Bank Multiarta Sentosa Tbk.,2023-07-07,3110.0,3110.0,3040.0,3090.0,18400
MASB,Bank Multiarta Sentosa Tbk.,2023-07-10,3080.0,3090.0,3080.0,3090.0,41600
MASB,Bank Multiarta Sentosa Tbk.,2023-07-11,3250.0,3280.0,3210.0,3250.0,96400
MASB,Bank Multiarta Sentosa Tbk.,2023-07-12,3110.0,3240.0,3110.0,3240.0,12600
MASB,Bank Multiarta Sentosa Tbk.,2023-07-13,3240.0,3240.0,3240.0,3240.0,0
MASB,Bank Multiarta Sentosa Tbk.,2023-07-14,3240.0,3240.0,3220.0,3240.0,1600
MASB,Bank Multiarta Sentosa Tbk.,2023-07-17,3120.0,3240.0,3120.0,3200.0,14300
MASB,Bank Multiarta Sentosa Tbk.,2023-07-18,3190.0,3200.0,3190.0,3200.0,5500
MASB,Bank Multiarta Sentosa Tbk.,2023-07-20,3190.0,3200.0,3190.0,3200.0,4100
MASB,Bank Multiarta Sentosa Tbk.,2023-07-21,3190.0,3200.0,3190.0,3200.0,11200
MASB,Bank Multiarta Sentosa Tbk.,2023-07-24,3200.0,3360.0,3200.0,3320.0,184700
MASB,Bank Multiarta Sentosa Tbk.,2023-07-25,3290.0,3400.0,3290.0,3400.0,9000
MASB,Bank Multiarta Sentosa Tbk.,2023-07-26,3400.0,3420.0,3380.0,3400.0,120300
MASB,Bank Multiarta Sentosa Tbk.,2023-07-27,3380.0,3400.0,3380.0,3400.0,3100
MASB,Bank Multiarta Sentosa Tbk.,2023-07-28,3340.0,3350.0,3340.0,3340.0,4700
MASB,Bank Multiarta Sentosa Tbk.,2023-07-31,3340.0,3380.0,3340.0,3380.0,7500
MASB,Bank Multiarta Sentosa Tbk.,2023-08-01,3380.0,3380.0,3380.0,3380.0,0
MASB,Bank Multiarta Sentosa Tbk.,2023-08-02,3270.0,3290.0,3270.0,3290.0,2100
MASB,Bank Multiarta Sentosa Tbk.,2023-08-03,3250.0,3370.0,3200.0,3370.0,9100
MASB,Bank Multiarta Sentosa Tbk.,2023-08-04,3370.0,3370.0,3370.0,3370.0,0
MASB,Bank Multiarta Sentosa Tbk.,2023-08-07,3350.0,3430.0,3350.0,3430.0,150000
MASB,Bank Multiarta Sentosa Tbk.,2023-08-08,3430.0,3430.0,3430.0,3430.0,0
MASB,Bank Multiarta Sentosa Tbk.,2023-08-09,3300.0,3400.0,3300.0,3400.0,1900
MASB,Bank Multiarta Sentosa Tbk.,2023-08-10,3300.0,3350.0,3300.0,3350.0,8100
MASB,Bank Multiarta Sentosa Tbk.,2023-08-11,3350.0,3400.0,3350.0,3380.0,4400
MASB,Bank Multiarta Sentosa Tbk.,2023-08-14,3380.0,3400.0,3380.0,3400.0,5200
MASB,Bank Multiarta Sentosa Tbk.,2023-08-15,3380.0,3380.0,3380.0,3380.0,100
MASB,Bank Multiarta Sentosa Tbk.,2023-08-16,3380.0,3380.0,3380.0,3380.0,0
MASB,Bank Multiarta Sentosa Tbk.,2023-08-18,3380.0,3380.0,3380.0,3380.0,0
MASB,Bank Multiarta Sentosa Tbk.,2023-08-21,3350.0,3380.0,3350.0,3370.0,500
MASB,Bank Multiarta Sentosa Tbk.,2023-08-22,3370.0,3370.0,3370.0,3370.0,0
MASB,Bank Multiarta Sentosa Tbk.,2023-08-23,3290.0,3380.0,3290.0,3380.0,600
MASB,Bank Multiarta Sentosa Tbk.,2023-08-24,3380.0,3380.0,3380.0,3380.0,0
MASB,Bank Multiarta Sentosa Tbk.,2023-08-25,3300.0,3300.0,3300.0,3300.0,100
MASB,Bank Multiarta Sentosa Tbk.,2023-08-28,3220.0,3300.0,3200.0,3300.0,3900
MASB,Bank Multiarta Sentosa Tbk.,2023-08-29,3350.0,3380.0,3350.0,3380.0,1000
MASB,Bank Multiarta Sentosa Tbk.,2023-08-30,3380.0,3380.0,3380.0,3380.0,0
MASB,Bank Multiarta Sentosa Tbk.,2023-08-31,3260.0,3360.0,3260.0,3270.0,1200
MASB,Bank Multiarta Sentosa Tbk.,2023-09-01,3270.0,3380.0,3270.0,3280.0,2400
MASB,Bank Multiarta Sentosa Tbk.,2023-09-04,3290.0,3290.0,3290.0,3290.0,200
MASB,Bank Multiarta Sentosa Tbk.,2023-09-05,3350.0,3350.0,3350.0,3350.0,900
MASB,Bank Multiarta Sentosa Tbk.,2023-09-06,3350.0,3350.0,3350.0,3350.0,600
MASB,Bank Multiarta Sentosa Tbk.,2023-09-07,3340.0,3340.0,3340.0,3340.0,200
MASB,Bank Multiarta Sentosa Tbk.,2023-09-08,3340.0,3340.0,3340.0,3340.0,0
MASB,Bank Multiarta Sentosa Tbk.,2023-09-11,3360.0,3360.0,3360.0,3360.0,100
MASB,Bank Multiarta Sentosa Tbk.,2023-09-12,3360.0,3360.0,3360.0,3360.0,0
MASB,Bank Multiarta Sentosa Tbk.,2023-09-13,3360.0,3360.0,3360.0,3360.0,0
MASB,Bank Multiarta Sentosa Tbk.,2023-09-14,3270.0,3350.0,3270.0,3350.0,15800
MASB,Bank Multiarta Sentosa Tbk.,2023-09-15,3350.0,3350.0,3350.0,3350.0,0
MASB,Bank Multiarta Sentosa Tbk.,2023-09-18,3340.0,3340.0,3340.0,3340.0,600
MASB,Bank Multiarta Sentosa Tbk.,2023-09-19,3340.0,3340.0,3340.0,3340.0,0
MASB,Bank Multiarta Sentosa Tbk.,2023-09-20,3270.0,3340.0,3250.0,3340.0,18500
MASB,Bank Multiarta Sentosa Tbk.,2023-09-21,3260.0,3270.0,3250.0,3270.0,14600
MASB,Bank Multiarta Sentosa Tbk.,2023-09-22,3260.0,3260.0,3250.0,3250.0,91400
MASB,Bank Multiarta Sentosa Tbk.,2023-09-25,3400.0,3400.0,3350.0,3350.0,245000
MASB,Bank Multiarta Sentosa Tbk.,2023-09-26,3350.0,3350.0,3350.0,3350.0,100
MASB,Bank Multiarta Sentosa Tbk.,2023-09-27,3260.0,3270.0,3260.0,3270.0,400
MASB,Bank Multiarta Sentosa Tbk.,2023-09-29,3300.0,3400.0,3300.0,3310.0,9000
MASB,Bank Multiarta Sentosa Tbk.,2023-10-02,3310.0,3390.0,3310.0,3390.0,6500
MASB,Bank Multiarta Sentosa Tbk.,2023-10-03,3250.0,3320.0,3250.0,3320.0,17800
MASB,Bank Multiarta Sentosa Tbk.,2023-10-04,3320.0,3400.0,3320.0,3330.0,76000
MASB,Bank Multiarta Sentosa Tbk.,2023-10-05,3330.0,3330.0,3330.0,3330.0,0
MASB,Bank Multiarta Sentosa Tbk.,2023-10-06,3330.0,3330.0,3330.0,3330.0,100
MASB,Bank Multiarta Sentosa Tbk.,2023-10-09,3260.0,3270.0,3260.0,3270.0,1100
MASB,Bank Multiarta Sentosa Tbk.,2023-10-10,3380.0,3380.0,3380.0,3380.0,100
MASB,Bank Multiarta Sentosa Tbk.,2023-10-11,3380.0,3380.0,3380.0,3380.0,0
MASB,Bank Multiarta Sentosa Tbk.,2023-10-12,3380.0,3380.0,3380.0,3380.0,0
MASB,Bank Multiarta Sentosa Tbk.,2023-10-13,3280.0,3280.0,3270.0,3270.0,1000
MASB,Bank Multiarta Sentosa Tbk.,2023-10-16,3360.0,3420.0,3270.0,3400.0,157500
MASB,Bank Multiarta Sentosa Tbk.,2023-10-17,3400.0,3430.0,3400.0,3430.0,80100
MASB,Bank Multiarta Sentosa Tbk.,2023-10-18,3430.0,3430.0,3430.0,3430.0,0
MASB,Bank Multiarta Sentosa Tbk.,2023-10-19,3280.0,3310.0,3280.0,3300.0,4900
MASB,Bank Multiarta Sentosa Tbk.,2023-10-20,3300.0,3300.0,3300.0,3300.0,10000
MASB,Bank Multiarta Sentosa Tbk.,2023-10-23,3300.0,3390.0,3300.0,3390.0,1500
MASB,Bank Multiarta Sentosa Tbk.,2023-10-24,3390.0,3390.0,3390.0,3390.0,0
MASB,Bank Multiarta Sentosa Tbk.,2023-10-25,3390.0,3390.0,3390.0,3390.0,0
MASB,Bank Multiarta Sentosa Tbk.,2023-10-26,3390.0,3390.0,3390.0,3390.0,0
MASB,Bank Multiarta Sentosa Tbk.,2023-10-27,3390.0,3390.0,3390.0,3390.0,0
MASB,Bank Multiarta Sentosa Tbk.,2023-10-30,3390.0,3390.0,3390.0,3390.0,0
MASB,Bank Multiarta Sentosa Tbk.,2023-10-31,3260.0,3360.0,3260.0,3360.0,5100
MASB,Bank Multiarta Sentosa Tbk.,2023-11-01,3310.0,3310.0,3310.0,3310.0,2200
MASB,Bank Multiarta Sentosa Tbk.,2023-11-02,3300.0,3400.0,3300.0,3400.0,118300
MASB,Bank Multiarta Sentosa Tbk.,2023-11-03,3380.0,3420.0,3380.0,3420.0,85200
MASB,Bank Multiarta Sentosa Tbk.,2023-11-06,3410.0,3420.0,3410.0,3420.0,76200
MASB,Bank Multiarta Sentosa Tbk.,2023-11-07,3420.0,3420.0,3420.0,3420.0,0
MASB,Bank Multiarta Sentosa Tbk.,2023-11-08,3410.0,3420.0,3410.0,3420.0,80000
MASB,Bank Multiarta Sentosa Tbk.,2023-11-09,3420.0,3460.0,3420.0,3460.0,123800
MASB,Bank Multiarta Sentosa Tbk.,2023-11-10,3490.0,3490.0,3460.0,3470.0,7200
MASB,Bank Multiarta Sentosa Tbk.,2023-11-13,3460.0,3470.0,3460.0,3470.0,2700
MASB,Bank Multiarta Sentosa Tbk.,2023-11-14,3480.0,3480.0,3480.0,3480.0,50000
MASB,Bank Multiarta Sentosa Tbk.,2023-11-15,3480.0,3500.0,3480.0,3480.0,32900
MASB,Bank Multiarta Sentosa Tbk.,2023-11-16,3480.0,3480.0,3480.0,3480.0,5600
MASB,Bank Multiarta Sentosa Tbk.,2023-11-17,3480.0,3480.0,3480.0,3480.0,0
MASB,Bank Multiarta Sentosa Tbk.,2023-11-20,3480.0,3480.0,3480.0,3480.0,100
MASB,Bank Multiarta Sentosa Tbk.,2023-11-21,3480.0,3480.0,3480.0,3480.0,0
MASB,Bank Multiarta Sentosa Tbk.,2023-11-22,3490.0,3500.0,3490.0,3500.0,7300
MASB,Bank Multiarta Sentosa Tbk.,2023-11-23,3490.0,3490.0,3490.0,3490.0,13500
MASB,Bank Multiarta Sentosa Tbk.,2023-11-24,3490.0,3490.0,3490.0,3490.0,0
MASB,Bank Multiarta Sentosa Tbk.,2023-11-27,3490.0,3490.0,3490.0,3490.0,3600
MASB,Bank Multiarta Sentosa Tbk.,2023-11-28,3490.0,3500.0,3490.0,3500.0,1800
MASB,Bank Multiarta Sentosa Tbk.,2023-11-29,3490.0,3500.0,3490.0,3500.0,1100
MASB,Bank Multiarta Sentosa Tbk.,2023-11-30,3500.0,3500.0,3500.0,3500.0,8300
MASB,Bank Multiarta Sentosa Tbk.,2023-12-01,3500.0,3510.0,3500.0,3500.0,30300
MASB,Bank Multiarta Sentosa Tbk.,2023-12-04,3490.0,3500.0,3490.0,3500.0,5300
MASB,Bank Multiarta Sentosa Tbk.,2023-12-05,3410.0,3500.0,3400.0,3500.0,14500
MASB,Bank Multiarta Sentosa Tbk.,2023-12-06,3500.0,3500.0,3490.0,3490.0,27700
MASB,Bank Multiarta Sentosa Tbk.,2023-12-07,3410.0,3530.0,3410.0,3500.0,72300
MASB,Bank Multiarta Sentosa Tbk.,2023-12-08,3500.0,3520.0,3500.0,3520.0,7800
MASB,Bank Multiarta Sentosa Tbk.,2023-12-11,3520.0,3520.0,3510.0,3510.0,24100
MASB,Bank Multiarta Sentosa Tbk.,2023-12-12,3510.0,3520.0,3510.0,3510.0,31900
MASB,Bank Multiarta Sentosa Tbk.,2023-12-13,3410.0,3480.0,3400.0,3400.0,3700
MASB,Bank Multiarta Sentosa Tbk.,2023-12-14,3500.0,3520.0,3500.0,3520.0,25300
MASB,Bank Multiarta Sentosa Tbk.,2023-12-15,3520.0,3530.0,3520.0,3520.0,5100
MASB,Bank Multiarta Sentosa Tbk.,2023-12-18,3520.0,3520.0,3520.0,3520.0,400
MASB,Bank Multiarta Sentosa Tbk.,2023-12-19,3520.0,3530.0,3520.0,3530.0,17800
MASB,Bank Multiarta Sentosa Tbk.,2023-12-20,3530.0,3530.0,3530.0,3530.0,28200
MASB,Bank Multiarta Sentosa Tbk.,2023-12-21,3520.0,3530.0,3510.0,3520.0,15300
MASB,Bank Multiarta Sentosa Tbk.,2023-12-22,3530.0,3530.0,3520.0,3520.0,16300
MASB,Bank Multiarta Sentosa Tbk.,2023-12-27,3550.0,3570.0,3500.0,3570.0,685900
MASB,Bank Multiarta Sentosa Tbk.,2023-12-28,3570.0,3640.0,3570.0,3630.0,185400
MASB,Bank Multiarta Sentosa Tbk.,2023-12-29,3610.0,3610.0,3590.0,3610.0,500100
MASB,Bank Multiarta Sentosa Tbk.,2024-01-02,3610.0,3610.0,3610.0,3610.0,1100
MASB,Bank Multiarta Sentosa Tbk.,2024-01-03,3550.0,3570.0,3550.0,3570.0,200
MASB,Bank Multiarta Sentosa Tbk.,2024-01-04,3560.0,3570.0,3560.0,3570.0,1200
MASB,Bank Multiarta Sentosa Tbk.,2024-01-05,3570.0,3570.0,3570.0,3570.0,900
MASB,Bank Multiarta Sentosa Tbk.,2024-01-08,3550.0,3570.0,3550.0,3570.0,11500
MASB,Bank Multiarta Sentosa Tbk.,2024-01-09,3570.0,3570.0,3570.0,3570.0,0
MASB,Bank Multiarta Sentosa Tbk.,2024-01-10,3570.0,3570.0,3570.0,3570.0,0
MASB,Bank Multiarta Sentosa Tbk.,2024-01-11,3570.0,3570.0,3570.0,3570.0,0
MASB,Bank Multiarta Sentosa Tbk.,2024-01-12,3570.0,3570.0,3570.0,3570.0,0
MASB,Bank Multiarta Sentosa Tbk.,2024-01-15,3570.0,3570.0,3570.0,3570.0,0
MASB,Bank Multiarta Sentosa Tbk.,2024-01-16,3570.0,3570.0,3570.0,3570.0,0
MASB,Bank Multiarta Sentosa Tbk.,2024-01-17,3570.0,3570.0,3570.0,3570.0,0
MASB,Bank Multiarta Sentosa Tbk.,2024-01-18,3570.0,3570.0,3570.0,3570.0,0
MASB,Bank Multiarta Sentosa Tbk.,2024-01-19,3570.0,3570.0,3570.0,3570.0,0
MASB,Bank Multiarta Sentosa Tbk.,2024-01-22,3570.0,3570.0,3570.0,3570.0,0
MASB,Bank Multiarta Sentosa Tbk.,2024-01-23,3570.0,3570.0,3570.0,3570.0,0
MASB,Bank Multiarta Sentosa Tbk.,2024-01-24,3570.0,3570.0,3540.0,3540.0,34800
MASB,Bank Multiarta Sentosa Tbk.,2024-01-25,3580.0,3580.0,3580.0,3580.0,400
MASB,Bank Multiarta Sentosa Tbk.,2024-01-26,3550.0,3550.0,3540.0,3550.0,49200
MASB,Bank Multiarta Sentosa Tbk.,2024-01-29,3550.0,3550.0,3550.0,3550.0,0
MASB,Bank Multiarta Sentosa Tbk.,2024-01-30,3550.0,3550.0,3550.0,3550.0,0
MASB,Bank Multiarta Sentosa Tbk.,2024-01-31,3550.0,3550.0,3540.0,3540.0,25200
MASB,Bank Multiarta Sentosa Tbk.,2024-02-01,3540.0,3540.0,3540.0,3540.0,0
MASB,Bank Multiarta Sentosa Tbk.,2024-02-02,3540.0,3540.0,3540.0,3540.0,0
MASB,Bank Multiarta Sentosa Tbk.,2024-02-05,3540.0,3540.0,3540.0,3540.0,0
MASB,Bank Multiarta Sentosa Tbk.,2024-02-06,3540.0,3540.0,3540.0,3540.0,0
MASB,Bank Multiarta Sentosa Tbk.,2024-02-07,3420.0,3450.0,3420.0,3450.0,12200
MASB,Bank Multiarta Sentosa Tbk.,2024-02-12,3410.0,3410.0,3400.0,3410.0,3600
MASB,Bank Multiarta Sentosa Tbk.,2024-02-13,3410.0,3430.0,3410.0,3430.0,10300
MASB,Bank Multiarta Sentosa Tbk.,2024-02-15,3400.0,3430.0,3400.0,3420.0,6000
MASB,Bank Multiarta Sentosa Tbk.,2024-02-16,3400.0,3400.0,3400.0,3400.0,800
MASB,Bank Multiarta Sentosa Tbk.,2024-02-19,3420.0,3420.0,3420.0,3420.0,1100
MASB,Bank Multiarta Sentosa Tbk.,2024-02-20,3430.0,3450.0,3430.0,3450.0,2900
MASB,Bank Multiarta Sentosa Tbk.,2024-02-21,3450.0,3450.0,3450.0,3450.0,0
MASB,Bank Multiarta Sentosa Tbk.,2024-02-22,3400.0,3420.0,3400.0,3420.0,900
MASB,Bank Multiarta Sentosa Tbk.,2024-02-23,3420.0,3420.0,3420.0,3420.0,0
MASB,Bank Multiarta Sentosa Tbk.,2024-02-26,3500.0,3680.0,3500.0,3510.0,25500
MASB,Bank Multiarta Sentosa Tbk.,2024-02-27,3410.0,3420.0,3410.0,3410.0,300
MASB,Bank Multiarta Sentosa Tbk.,2024-02-28,3420.0,3430.0,3420.0,3420.0,7800
MASB,Bank Multiarta Sentosa Tbk.,2024-02-29,3430.0,3430.0,3430.0,3430.0,2000
MASB,Bank Multiarta Sentosa Tbk.,2024-03-01,3430.0,3430.0,3430.0,3430.0,5200
MASB,Bank Multiarta Sentosa Tbk.,2024-03-04,3440.0,3450.0,3440.0,3450.0,3300
MASB,Bank Multiarta Sentosa Tbk.,2024-03-05,3420.0,3420.0,3420.0,3420.0,1500
MASB,Bank Multiarta Sentosa Tbk.,2024-03-06,3400.0,3410.0,3400.0,3410.0,3100
MASB,Bank Multiarta Sentosa Tbk.,2024-03-07,3530.0,3530.0,3520.0,3520.0,50000
MASB,Bank Multiarta Sentosa Tbk.,2024-03-08,3550.0,3550.0,3550.0,3550.0,400
MASB,Bank Multiarta Sentosa Tbk.,2024-03-13,3550.0,3550.0,3550.0,3550.0,0
MASB,Bank Multiarta Sentosa Tbk.,2024-03-14,3550.0,3550.0,3550.0,3550.0,100
MASB,Bank Multiarta Sentosa Tbk.,2024-03-15,3550.0,3550.0,3550.0,3550.0,0
MASB,Bank Multiarta Sentosa Tbk.,2024-03-18,3400.0,3400.0,3400.0,3400.0,2500
MASB,Bank Multiarta Sentosa Tbk.,2024-03-19,3540.0,3540.0,3460.0,3460.0,800
MASB,Bank Multiarta Sentosa Tbk.,2024-03-20,3460.0,3460.0,3460.0,3460.0,11700
MASB,Bank Multiarta Sentosa Tbk.,2024-03-21,3460.0,3460.0,3460.0,3460.0,1000
MASB,Bank Multiarta Sentosa Tbk.,2024-03-22,3550.0,3550.0,3550.0,3550.0,100
MASB,Bank Multiarta Sentosa Tbk.,2024-03-25,3550.0,3550.0,3550.0,3550.0,0
MASB,Bank Multiarta Sentosa Tbk.,2024-03-26,3550.0,3550.0,3550.0,3550.0,0
MASB,Bank Multiarta Sentosa Tbk.,2024-03-27,3550.0,3550.0,3550.0,3550.0,0
MASB,Bank Multiarta Sentosa Tbk.,2024-03-28,3400.0,3400.0,3400.0,3400.0,100
MASB,Bank Multiarta Sentosa Tbk.,2024-04-01,3400.0,3400.0,3400.0,3400.0,0
MASB,Bank Multiarta Sentosa Tbk.,2024-04-02,3400.0,3400.0,3400.0,3400.0,800
MASB,Bank Multiarta Sentosa Tbk.,2024-04-03,3560.0,3560.0,3540.0,3540.0,300
MASB,Bank Multiarta Sentosa Tbk.,2024-04-04,3500.0,3500.0,3500.0,3500.0,100
MASB,Bank Multiarta Sentosa Tbk.,2024-04-05,3400.0,3500.0,3400.0,3500.0,4800
MASB,Bank Multiarta Sentosa Tbk.,2024-04-16,3500.0,3500.0,3500.0,3500.0,0
MASB,Bank Multiarta Sentosa Tbk.,2024-04-17,3500.0,3500.0,3500.0,3500.0,0
MASB,Bank Multiarta Sentosa Tbk.,2024-04-18,3500.0,3500.0,3500.0,3500.0,0
MASB,Bank Multiarta Sentosa Tbk.,2024-04-19,3400.0,3400.0,3400.0,3400.0,100
MASB,Bank Multiarta Sentosa Tbk.,2024-04-22,3400.0,3400.0,3400.0,3400.0,2600
MASB,Bank Multiarta Sentosa Tbk.,2024-04-23,3400.0,3400.0,3400.0,3400.0,2000
MASB,Bank Multiarta Sentosa Tbk.,2024-04-24,3420.0,3450.0,3400.0,3450.0,7500
MASB,Bank Multiarta Sentosa Tbk.,2024-04-25,3450.0,3450.0,3450.0,3450.0,0
MASB,Bank Multiarta Sentosa Tbk.,2024-04-26,3450.0,3450.0,3400.0,3400.0,6000
MASB,Bank Multiarta Sentosa Tbk.,2024-04-29,3400.0,3400.0,3400.0,3400.0,0
MASB,Bank Multiarta Sentosa Tbk.,2024-04-30,3400.0,3400.0,3400.0,3400.0,1000
MASB,Bank Multiarta Sentosa Tbk.,2024-05-02,3410.0,3410.0,3400.0,3400.0,70100
MASB,Bank Multiarta Sentosa Tbk.,2024-05-03,3400.0,3490.0,3400.0,3490.0,30000
MASB,Bank Multiarta Sentosa Tbk.,2024-05-06,3490.0,3490.0,3490.0,3490.0,0
MASB,Bank Multiarta Sentosa Tbk.,2024-05-07,3390.0,3390.0,3390.0,3390.0,600
MASB,Bank Multiarta Sentosa Tbk.,2024-05-08,3390.0,3490.0,3390.0,3490.0,1400
MASB,Bank Multiarta Sentosa Tbk.,2024-05-13,3490.0,3490.0,3490.0,3490.0,0
MASB,Bank Multiarta Sentosa Tbk.,2024-05-14,3390.0,3470.0,3390.0,3470.0,2800
MASB,Bank Multiarta Sentosa Tbk.,2024-05-15,3380.0,3380.0,3380.0,3380.0,100
MASB,Bank Multiarta Sentosa Tbk.,2024-05-16,3480.0,3480.0,3480.0,3480.0,100
MASB,Bank Multiarta Sentosa Tbk.,2024-05-17,3400.0,3400.0,3400.0,3400.0,900
MASB,Bank Multiarta Sentosa Tbk.,2024-05-20,3400.0,3400.0,3400.0,3400.0,0
MASB,Bank Multiarta Sentosa Tbk.,2024-05-21,3350.0,3360.0,3300.0,3300.0,6600
MASB,Bank Multiarta Sentosa Tbk.,2024-05-22,3300.0,3300.0,3300.0,3300.0,200
MASB,Bank Multiarta Sentosa Tbk.,2024-05-27,3300.0,3310.0,3300.0,3310.0,1000
MASB,Bank Multiarta Sentosa Tbk.,2024-05-28,3260.0,3390.0,3260.0,3390.0,1100
MASB,Bank Multiarta Sentosa Tbk.,2024-05-29,3300.0,3300.0,3300.0,3300.0,1800
MASB,Bank Multiarta Sentosa Tbk.,2024-05-30,3300.0,3300.0,3300.0,3300.0,1900
MASB,Bank Multiarta Sentosa Tbk.,2024-05-31,3320.0,3320.0,3320.0,3320.0,400
MASB,Bank Multiarta Sentosa Tbk.,2024-06-03,3320.0,3320.0,3320.0,3320.0,0
MASB,Bank Multiarta Sentosa Tbk.,2024-06-04,3320.0,3320.0,3320.0,3320.0,0
MASB,Bank Multiarta Sentosa Tbk.,2024-06-05,3260.0,3260.0,3250.0,3260.0,15900
MASB,Bank Multiarta Sentosa Tbk.,2024-06-06,3230.0,3230.0,3230.0,3230.0,300
MASB,Bank Multiarta Sentosa Tbk.,2024-06-07,3230.0,3230.0,3230.0,3230.0,0
MASB,Bank Multiarta Sentosa Tbk.,2024-06-10,3230.0,3230.0,3230.0,3230.0,1000
MASB,Bank Multiarta Sentosa Tbk.,2024-06-11,3230.0,3230.0,3230.0,3230.0,0
MASB,Bank Multiarta Sentosa Tbk.,2024-06-12,3230.0,3230.0,3230.0,3230.0,0
MASB,Bank Multiarta Sentosa Tbk.,2024-06-13,3230.0,3230.0,3230.0,3230.0,0
MASB,Bank Multiarta Sentosa Tbk.,2024-06-14,3200.0,3200.0,3200.0,3200.0,3000
MASB,Bank Multiarta Sentosa Tbk.,2024-06-19,3200.0,3200.0,3200.0,3200.0,400
MASB,Bank Multiarta Sentosa Tbk.,2024-06-20,3190.0,3190.0,3100.0,3100.0,2000
MASB,Bank Multiarta Sentosa Tbk.,2024-06-21,3100.0,3100.0,3100.0,3100.0,0
MASB,Bank Multiarta Sentosa Tbk.,2024-06-24,3100.0,3100.0,3100.0,3100.0,0
MASB,Bank Multiarta Sentosa Tbk.,2024-06-25,3110.0,3110.0,3100.0,3100.0,4900
MASB,Bank Multiarta Sentosa Tbk.,2024-06-26,3100.0,3100.0,3070.0,3070.0,3300
MASB,Bank Multiarta Sentosa Tbk.,2024-06-27,3100.0,3150.0,3100.0,3150.0,47100
MASB,Bank Multiarta Sentosa Tbk.,2024-06-28,3010.0,3150.0,3010.0,3030.0,1600
MASB,Bank Multiarta Sentosa Tbk.,2024-07-01,3100.0,3100.0,3100.0,3100.0,3000
MASB,Bank Multiarta Sentosa Tbk.,2024-07-02,3010.0,3010.0,3000.0,3000.0,400
MASB,Bank Multiarta Sentosa Tbk.,2024-07-03,3000.0,3100.0,3000.0,3100.0,5300
MASB,Bank Multiarta Sentosa Tbk.,2024-07-04,3100.0,3100.0,3070.0,3070.0,42000
MASB,Bank Multiarta Sentosa Tbk.,2024-07-05,3100.0,3150.0,3100.0,3150.0,700
MASB,Bank Multiarta Sentosa Tbk.,2024-07-08,3100.0,3100.0,3100.0,3100.0,100
MASB,Bank Multiarta Sentosa Tbk.,2024-07-09,3100.0,3100.0,3100.0,3100.0,50000
MASB,Bank Multiarta Sentosa Tbk.,2024-07-10,3100.0,3100.0,3100.0,3100.0,0
MASB,Bank Multiarta Sentosa Tbk.,2024-07-11,3100.0,3100.0,3100.0,3100.0,800
MASB,Bank Multiarta Sentosa Tbk.,2024-07-12,3100.0,3100.0,3100.0,3100.0,0
MASB,Bank Multiarta Sentosa Tbk.,2024-07-15,3100.0,3100.0,3100.0,3100.0,0
MASB,Bank Multiarta Sentosa Tbk.,2024-07-16,3020.0,3020.0,3020.0,3020.0,300
MASB,Bank Multiarta Sentosa Tbk.,2024-07-17,3020.0,3020.0,3020.0,3020.0,0
MASB,Bank Multiarta Sentosa Tbk.,2024-07-18,3020.0,3100.0,3010.0,3100.0,3100
MASB,Bank Multiarta Sentosa Tbk.,2024-07-19,3010.0,3060.0,3000.0,3060.0,6800
MASB,Bank Multiarta Sentosa Tbk.,2024-07-22,3190.0,3190.0,3190.0,3190.0,500
MASB,Bank Multiarta Sentosa Tbk.,2024-07-23,3200.0,3260.0,3200.0,3260.0,600
MASB,Bank Multiarta Sentosa Tbk.,2024-07-24,3260.0,3260.0,3260.0,3260.0,0
MASB,Bank Multiarta Sentosa Tbk.,2024-07-25,3260.0,3260.0,3260.0,3260.0,0
MASB,Bank Multiarta Sentosa Tbk.,2024-07-26,3260.0,3260.0,3260.0,3260.0,0
MASB,Bank Multiarta Sentosa Tbk.,2024-07-29,3260.0,3260.0,3260.0,3260.0,0
MASB,Bank Multiarta Sentosa Tbk.,2024-07-30,3260.0,3260.0,3260.0,3260.0,0
MASB,Bank Multiarta Sentosa Tbk.,2024-07-31,3260.0,3260.0,3260.0,3260.0,0
MASB,Bank Multiarta Sentosa Tbk.,2024-08-01,3200.0,3200.0,3170.0,3170.0,200
MASB,Bank Multiarta Sentosa Tbk.,2024-08-02,3070.0,3270.0,3070.0,3270.0,52600
MASB,Bank Multiarta Sentosa Tbk.,2024-08-05,3270.0,3270.0,3270.0,3270.0,1000
MASB,Bank Multiarta Sentosa Tbk.,2024-08-06,3070.0,3200.0,3010.0,3200.0,1800
MASB,Bank Multiarta Sentosa Tbk.,2024-08-07,3200.0,3200.0,3200.0,3200.0,100
MASB,Bank Multiarta Sentosa Tbk.,2024-08-08,3010.0,3300.0,3010.0,3300.0,20900
MASB,Bank Multiarta Sentosa Tbk.,2024-08-09,3290.0,3300.0,3290.0,3300.0,35000
MASB,Bank Multiarta Sentosa Tbk.,2024-08-12,3290.0,3290.0,3290.0,3290.0,100
MASB,Bank Multiarta Sentosa Tbk.,2024-08-13,3290.0,3320.0,3290.0,3300.0,55100
MASB,Bank Multiarta Sentosa Tbk.,2024-08-14,3300.0,3300.0,3300.0,3300.0,0
MASB,Bank Multiarta Sentosa Tbk.,2024-08-15,3300.0,3300.0,3300.0,3300.0,0
MASB,Bank Multiarta Sentosa Tbk.,2024-08-16,3300.0,3300.0,3300.0,3300.0,0
MASB,Bank Multiarta Sentosa Tbk.,2024-08-19,3300.0,3300.0,3300.0,3300.0,100
MASB,Bank Multiarta Sentosa Tbk.,2024-08-20,3300.0,3300.0,3300.0,3300.0,0
MASB,Bank Multiarta Sentosa Tbk.,2024-08-21,3290.0,3350.0,3280.0,3280.0,55100
MASB,Bank Multiarta Sentosa Tbk.,2024-08-22,3280.0,3280.0,3280.0,3280.0,0
MASB,Bank Multiarta Sentosa Tbk.,2024-08-23,3280.0,3280.0,3280.0,3280.0,0
MASB,Bank Multiarta Sentosa Tbk.,2024-08-26,3270.0,3270.0,3270.0,3270.0,100
MASB,Bank Multiarta Sentosa Tbk.,2024-08-27,3270.0,3270.0,3270.0,3270.0,3000
MASB,Bank Multiarta Sentosa Tbk.,2024-08-28,3270.0,3270.0,3270.0,3270.0,0
MASB,Bank Multiarta Sentosa Tbk.,2024-08-29,3290.0,3300.0,3290.0,3300.0,55500
MASB,Bank Multiarta Sentosa Tbk.,2024-08-30,3300.0,3300.0,3300.0,3300.0,0
MASB,Bank Multiarta Sentosa Tbk.,2024-09-02,3300.0,3300.0,3300.0,3300.0,0
MASB,Bank Multiarta Sentosa Tbk.,2024-09-03,3300.0,3300.0,3300.0,3300.0,0
MASB,Bank Multiarta Sentosa Tbk.,2024-09-04,3300.0,3300.0,3300.0,3300.0,0
MASB,Bank Multiarta Sentosa Tbk.,2024-09-05,3300.0,3300.0,3300.0,3300.0,0
MASB,Bank Multiarta Sentosa Tbk.,2024-09-06,3060.0,3320.0,3060.0,3320.0,70200
MASB,Bank Multiarta Sentosa Tbk.,2024-09-09,3320.0,3320.0,3320.0,3320.0,0
MASB,Bank Multiarta Sentosa Tbk.,2024-09-10,3300.0,3350.0,3300.0,3350.0,86500
MASB,Bank Multiarta Sentosa Tbk.,2024-09-11,3350.0,3350.0,3350.0,3350.0,0
MASB,Bank Multiarta Sentosa Tbk.,2024-09-12,3330.0,3330.0,3330.0,3330.0,300
MASB,Bank Multiarta Sentosa Tbk.,2024-09-13,3250.0,3350.0,3250.0,3350.0,8000
MASB,Bank Multiarta Sentosa Tbk.,2024-09-17,3350.0,3400.0,3290.0,3290.0,9600
MASB,Bank Multiarta Sentosa Tbk.,2024-09-18,3290.0,3290.0,3290.0,3290.0,0
MASB,Bank Multiarta Sentosa Tbk.,2024-09-19,3290.0,3290.0,3290.0,3290.0,0
MASB,Bank Multiarta Sentosa Tbk.,2024-09-20,3290.0,3350.0,3290.0,3350.0,30000
MASB,Bank Multiarta Sentosa Tbk.,2024-09-23,3350.0,3350.0,3350.0,3350.0,0
MASB,Bank Multiarta Sentosa Tbk.,2024-09-24,3350.0,3350.0,3350.0,3350.0,0
MASB,Bank Multiarta Sentosa Tbk.,2024-09-25,3370.0,4050.0,3190.0,3420.0,222100
MASB,Bank Multiarta Sentosa Tbk.,2024-09-26,3320.0,3440.0,3180.0,3350.0,16700
MASB,Bank Multiarta Sentosa Tbk.,2024-09-27,3260.0,3700.0,3230.0,3580.0,126200
MASB,Bank Multiarta Sentosa Tbk.,2024-09-30,3460.0,3580.0,3310.0,3500.0,2500
MASB,Bank Multiarta Sentosa Tbk.,2024-10-01,3500.0,3500.0,3030.0,3120.0,105200
MASB,Bank Multiarta Sentosa Tbk.,2024-10-02,3120.0,3550.0,3120.0,3200.0,64100
MASB,Bank Multiarta Sentosa Tbk.,2024-10-03,3220.0,3220.0,3170.0,3170.0,1400
MASB,Bank Multiarta Sentosa Tbk.,2024-10-04,3170.0,3170.0,3170.0,3170.0,100
MASB,Bank Multiarta Sentosa Tbk.,2024-10-07,3240.0,3450.0,3240.0,3360.0,36700
MASB,Bank Multiarta Sentosa Tbk.,2024-10-08,3360.0,3390.0,3360.0,3370.0,18600
MASB,Bank Multiarta Sentosa Tbk.,2024-10-09,3490.0,3500.0,3120.0,3350.0,1500
MASB,Bank Multiarta Sentosa Tbk.,2024-10-10,3400.0,3400.0,3400.0,3400.0,800
MASB,Bank Multiarta Sentosa Tbk.,2024-10-11,3390.0,3420.0,3390.0,3420.0,10000
MASB,Bank Multiarta Sentosa Tbk.,2024-10-14,3420.0,3420.0,3420.0,3420.0,6600
MASB,Bank Multiarta Sentosa Tbk.,2024-10-15,3420.0,3420.0,3420.0,3420.0,10000
MASB,Bank Multiarta Sentosa Tbk.,2024-10-16,3420.0,3420.0,3420.0,3420.0,0
MASB,Bank Multiarta Sentosa Tbk.,2024-10-17,3440.0,3440.0,3130.0,3440.0,1200
MASB,Bank Multiarta Sentosa Tbk.,2024-10-18,3440.0,3440.0,3270.0,3280.0,600
MASB,Bank Multiarta Sentosa Tbk.,2024-10-21,3420.0,3420.0,3420.0,3420.0,5000
MASB,Bank Multiarta Sentosa Tbk.,2024-10-22,3460.0,3460.0,3460.0,3460.0,1200
MASB,Bank Multiarta Sentosa Tbk.,2024-10-23,3460.0,3460.0,3460.0,3460.0,2000
MASB,Bank Multiarta Sentosa Tbk.,2024-10-24,3460.0,3460.0,3460.0,3460.0,0
MASB,Bank Multiarta Sentosa Tbk.,2024-10-25,3480.0,3480.0,3470.0,3470.0,17500
MASB,Bank Multiarta Sentosa Tbk.,2024-10-28,3490.0,3500.0,3390.0,3480.0,22800
MASB,Bank Multiarta Sentosa Tbk.,2024-10-29,3480.0,3480.0,3480.0,3480.0,0
MASB,Bank Multiarta Sentosa Tbk.,2024-10-30,3480.0,3480.0,3480.0,3480.0,0
MASB,Bank Multiarta Sentosa Tbk.,2024-10-31,3480.0,3480.0,3480.0,3480.0,0
MASB,Bank Multiarta Sentosa Tbk.,2024-11-01,3480.0,3480.0,3330.0,3480.0,600
MASB,Bank Multiarta Sentosa Tbk.,2024-11-04,3460.0,3480.0,3380.0,3380.0,25600
MASB,Bank Multiarta Sentosa Tbk.,2024-11-05,3350.0,3450.0,3350.0,3450.0,1400
MASB,Bank Multiarta Sentosa Tbk.,2024-11-06,3350.0,3490.0,3340.0,3490.0,9900
MASB,Bank Multiarta Sentosa Tbk.,2024-11-07,3490.0,3490.0,3490.0,3490.0,0
MASB,Bank Multiarta Sentosa Tbk.,2024-11-08,3490.0,3500.0,3490.0,3490.0,17500
MASB,Bank Multiarta Sentosa Tbk.,2024-11-11,3490.0,3490.0,3490.0,3490.0,8000
MASB,Bank Multiarta Sentosa Tbk.,2024-11-12,3490.0,3490.0,3490.0,3490.0,0
MASB,Bank Multiarta Sentosa Tbk.,2024-11-13,3490.0,3490.0,3490.0,3490.0,0
MASB,Bank Multiarta Sentosa Tbk.,2024-11-14,3490.0,3500.0,3490.0,3490.0,15100
MASB,Bank Multiarta Sentosa Tbk.,2024-11-15,3440.0,3440.0,3440.0,3440.0,100
MASB,Bank Multiarta Sentosa Tbk.,2024-11-18,3360.0,3500.0,3350.0,3490.0,31900
MASB,Bank Multiarta Sentosa Tbk.,2024-11-19,3490.0,3490.0,3010.0,3300.0,700
MASB,Bank Multiarta Sentosa Tbk.,2024-11-20,3490.0,3490.0,3100.0,3350.0,2400
MASB,Bank Multiarta Sentosa Tbk.,2024-11-21,3250.0,3500.0,3200.0,3500.0,31700
MASB,Bank Multiarta Sentosa Tbk.,2024-11-22,3490.0,3490.0,3310.0,3450.0,1500
MASB,Bank Multiarta Sentosa Tbk.,2024-11-25,3450.0,3450.0,3300.0,3400.0,400
MASB,Bank Multiarta Sentosa Tbk.,2024-11-26,3490.0,3520.0,3490.0,3510.0,42000
MASB,Bank Multiarta Sentosa Tbk.,2024-11-28,3410.0,3510.0,3300.0,3450.0,6800
MASB,Bank Multiarta Sentosa Tbk.,2024-11-29,3400.0,3520.0,3400.0,3420.0,4300
MASB,Bank Multiarta Sentosa Tbk.,2024-12-02,3420.0,3420.0,3420.0,3420.0,0
MASB,Bank Multiarta Sentosa Tbk.,2024-12-03,3420.0,3420.0,3420.0,3420.0,0
MASB,Bank Multiarta Sentosa Tbk.,2024-12-04,3420.0,3420.0,3420.0,3420.0,500
MASB,Bank Multiarta Sentosa Tbk.,2024-12-05,3420.0,3420.0,3420.0,3420.0,200
MASB,Bank Multiarta Sentosa Tbk.,2024-12-06,3420.0,3420.0,3420.0,3420.0,0
MASB,Bank Multiarta Sentosa Tbk.,2024-12-09,3420.0,3420.0,3420.0,3420.0,0
MASB,Bank Multiarta Sentosa Tbk.,2024-12-10,3520.0,3550.0,3520.0,3550.0,34800
MASB,Bank Multiarta Sentosa Tbk.,2024-12-11,3550.0,3550.0,3520.0,3520.0,35500
MASB,Bank Multiarta Sentosa Tbk.,2024-12-12,3550.0,3550.0,3520.0,3520.0,22500
MASB,Bank Multiarta Sentosa Tbk.,2024-12-13,3520.0,3570.0,3520.0,3570.0,15400
MASB,Bank Multiarta Sentosa Tbk.,2024-12-16,3570.0,3580.0,3570.0,3580.0,20100
MASB,Bank Multiarta Sentosa Tbk.,2024-12-17,3580.0,3600.0,3580.0,3600.0,1300
MASB,Bank Multiarta Sentosa Tbk.,2024-12-18,3600.0,3600.0,3600.0,3600.0,0
MASB,Bank Multiarta Sentosa Tbk.,2024-12-19,3620.0,3620.0,3580.0,3580.0,34800
MASB,Bank Multiarta Sentosa Tbk.,2024-12-20,3630.0,3630.0,3550.0,3550.0,22000
MASB,Bank Multiarta Sentosa Tbk.,2024-12-23,3550.0,3550.0,3550.0,3550.0,9600
MASB,Bank Multiarta Sentosa Tbk.,2024-12-24,3640.0,3640.0,3620.0,3620.0,20000
MASB,Bank Multiarta Sentosa Tbk.,2024-12-27,3640.0,3640.0,3640.0,3640.0,6000
MASB,Bank Multiarta Sentosa Tbk.,2024-12-30,3630.0,3950.0,3620.0,3630.0,26100
MASB,Bank Multiarta Sentosa Tbk.,2025-01-02,3630.0,3630.0,3630.0,3630.0,0
MASB,Bank Multiarta Sentosa Tbk.,2025-01-03,3630.0,3630.0,3630.0,3630.0,0
MASB,Bank Multiarta Sentosa Tbk.,2025-01-06,3630.0,3630.0,3630.0,3630.0,0
MASB,Bank Multiarta Sentosa Tbk.,2025-01-07,3630.0,3630.0,3630.0,3630.0,0
MASB,Bank Multiarta Sentosa Tbk.,2025-01-08,3630.0,3630.0,3630.0,3630.0,0
MASB,Bank Multiarta Sentosa Tbk.,2025-01-09,3600.0,3600.0,3600.0,3600.0,100
MASB,Bank Multiarta Sentosa Tbk.,2025-01-10,3550.0,3550.0,3550.0,3550.0,100
MASB,Bank Multiarta Sentosa Tbk.,2025-01-13,3550.0,3550.0,3550.0,3550.0,0
MASB,Bank Multiarta Sentosa Tbk.,2025-01-14,3550.0,3550.0,3500.0,3500.0,500
MASB,Bank Multiarta Sentosa Tbk.,2025-01-15,3500.0,3500.0,3500.0,3500.0,0
MASB,Bank Multiarta Sentosa Tbk.,2025-01-16,3500.0,3500.0,3500.0,3500.0,0
MASB,Bank Multiarta Sentosa Tbk.,2025-01-17,3500.0,3500.0,3500.0,3500.0,0
MASB,Bank Multiarta Sentosa Tbk.,2025-01-20,3500.0,3600.0,3500.0,3600.0,8500
MASB,Bank Multiarta Sentosa Tbk.,2025-01-21,3600.0,3600.0,3600.0,3600.0,0
MASB,Bank Multiarta Sentosa Tbk.,2025-01-22,3600.0,3600.0,3600.0,3600.0,0
MASB,Bank Multiarta Sentosa Tbk.,2025-01-23,3600.0,3600.0,3600.0,3600.0,0
MASB,Bank Multiarta Sentosa Tbk.,2025-01-24,3600.0,3600.0,3600.0,3600.0,0
MASB,Bank Multiarta Sentosa Tbk.,2025-01-30,3600.0,3600.0,3600.0,3600.0,400
MASB,Bank Multiarta Sentosa Tbk.,2025-01-31,3650.0,3650.0,3010.0,3640.0,2300
MASB,Bank Multiarta Sentosa Tbk.,2025-02-03,3060.0,3640.0,3060.0,3640.0,200
MASB,Bank Multiarta Sentosa Tbk.,2025-02-04,3600.0,3600.0,3220.0,3470.0,9500
MASB,Bank Multiarta Sentosa Tbk.,2025-02-05,3450.0,3600.0,3420.0,3600.0,5200
MASB,Bank Multiarta Sentosa Tbk.,2025-02-06,3350.0,3400.0,3200.0,3270.0,2200
MASB,Bank Multiarta Sentosa Tbk.,2025-02-07,3270.0,3510.0,3250.0,3360.0,14400
MASB,Bank Multiarta Sentosa Tbk.,2025-02-10,3360.0,3360.0,3360.0,3360.0,400
MASB,Bank Multiarta Sentosa Tbk.,2025-02-11,3220.0,3240.0,3220.0,3230.0,900
MASB,Bank Multiarta Sentosa Tbk.,2025-02-12,3260.0,3390.0,3260.0,3380.0,1700
MASB,Bank Multiarta Sentosa Tbk.,2025-02-13,3380.0,3380.0,3380.0,3380.0,0
MASB,Bank Multiarta Sentosa Tbk.,2025-02-14,3430.0,3430.0,3230.0,3230.0,200
MASB,Bank Multiarta Sentosa Tbk.,2025-02-17,3230.0,3230.0,3230.0,3230.0,0
MASB,Bank Multiarta Sentosa Tbk.,2025-02-18,3230.0,3230.0,3230.0,3230.0,0
MASB,Bank Multiarta Sentosa Tbk.,2025-02-19,3230.0,3230.0,3230.0,3230.0,0
MASB,Bank Multiarta Sentosa Tbk.,2025-02-20,3230.0,3230.0,3230.0,3230.0,0
MASB,Bank Multiarta Sentosa Tbk.,2025-02-21,3210.0,3430.0,3210.0,3430.0,500
MASB,Bank Multiarta Sentosa Tbk.,2025-02-24,3440.0,3540.0,3410.0,3420.0,1700
MASB,Bank Multiarta Sentosa Tbk.,2025-02-25,3420.0,3420.0,3420.0,3420.0,0
MASB,Bank Multiarta Sentosa Tbk.,2025-02-26,3350.0,3350.0,3230.0,3240.0,1400
MASB,Bank Multiarta Sentosa Tbk.,2025-02-27,3300.0,3400.0,3210.0,3230.0,2000
MASB,Bank Multiarta Sentosa Tbk.,2025-02-28,3230.0,3240.0,3220.0,3240.0,3400
MASB,Bank Multiarta Sentosa Tbk.,2025-03-03,3240.0,3240.0,3240.0,3240.0,0
MASB,Bank Multiarta Sentosa Tbk.,2025-03-04,3220.0,3220.0,3220.0,3220.0,200
MASB,Bank Multiarta Sentosa Tbk.,2025-03-05,3210.0,3400.0,3210.0,3260.0,900
MASB,Bank Multiarta Sentosa Tbk.,2025-03-06,3360.0,3360.0,3270.0,3270.0,200
MASB,Bank Multiarta Sentosa Tbk.,2025-03-07,3240.0,3240.0,3240.0,3240.0,600
MASB,Bank Multiarta Sentosa Tbk.,2025-03-10,3260.0,3260.0,3250.0,3250.0,200
MASB,Bank Multiarta Sentosa Tbk.,2025-03-11,3270.0,3270.0,3270.0,3270.0,100
MASB,Bank Multiarta Sentosa Tbk.,2025-03-12,3270.0,3270.0,3270.0,3270.0,0
MASB,Bank Multiarta Sentosa Tbk.,2025-03-13,3270.0,3270.0,3270.0,3270.0,500
MASB,Bank Multiarta Sentosa Tbk.,2025-03-14,3340.0,3350.0,3340.0,3350.0,400
MASB,Bank Multiarta Sentosa Tbk.,2025-03-17,3350.0,3350.0,3350.0,3350.0,0
MASB,Bank Multiarta Sentosa Tbk.,2025-03-18,3390.0,3400.0,3390.0,3400.0,600
MASB,Bank Multiarta Sentosa Tbk.,2025-03-19,3400.0,3400.0,3400.0,3400.0,0
MASB,Bank Multiarta Sentosa Tbk.,2025-03-20,3400.0,3400.0,3400.0,3400.0,0
MASB,Bank Multiarta Sentosa Tbk.,2025-03-21,3400.0,3400.0,3400.0,3400.0,0
MASB,Bank Multiarta Sentosa Tbk.,2025-03-24,3400.0,3400.0,3400.0,3400.0,0
MASB,Bank Multiarta Sentosa Tbk.,2025-03-25,3400.0,3400.0,3400.0,3400.0,0
MASB,Bank Multiarta Sentosa Tbk.,2025-03-26,3350.0,3350.0,3350.0,3350.0,600
MASB,Bank Multiarta Sentosa Tbk.,2025-03-27,3350.0,3350.0,3350.0,3350.0,0
MASB,Bank Multiarta Sentosa Tbk.,2025-04-08,3350.0,3350.0,3350.0,3350.0,0
MASB,Bank Multiarta Sentosa Tbk.,2025-04-09,3350.0,3350.0,3350.0,3350.0,0
MASB,Bank Multiarta Sentosa Tbk.,2025-04-10,3350.0,3350.0,3350.0,3350.0,0
MASB,Bank Multiarta Sentosa Tbk.,2025-04-11,3350.0,3350.0,3350.0,3350.0,0
MASB,Bank Multiarta Sentosa Tbk.,2025-04-14,3300.0,3300.0,3300.0,3300.0,1000
MASB,Bank Multiarta Sentosa Tbk.,2025-04-15,3330.0,3330.0,2950.0,3300.0,1100
MASB,Bank Multiarta Sentosa Tbk.,2025-04-16,3300.0,3300.0,3300.0,3300.0,400
MASB,Bank Multiarta Sentosa Tbk.,2025-04-17,3300.0,3300.0,3300.0,3300.0,1200
MASB,Bank Multiarta Sentosa Tbk.,2025-04-21,3300.0,3300.0,3300.0,3300.0,2000
MASB,Bank Multiarta Sentosa Tbk.,2025-04-22,3300.0,3300.0,3300.0,3300.0,4200
MASB,Bank Multiarta Sentosa Tbk.,2025-04-23,3300.0,3300.0,3300.0,3300.0,1500
MASB,Bank Multiarta Sentosa Tbk.,2025-04-24,3300.0,3300.0,3300.0,3300.0,0
MASB,Bank Multiarta Sentosa Tbk.,2025-04-25,3300.0,3300.0,3260.0,3260.0,2100
MASB,Bank Multiarta Sentosa Tbk.,2025-04-28,3260.0,3260.0,3260.0,3260.0,0
MASB,Bank Multiarta Sentosa Tbk.,2025-04-29,3260.0,3260.0,3230.0,3230.0,2400
MASB,Bank Multiarta Sentosa Tbk.,2025-04-30,3300.0,3300.0,3280.0,3300.0,2000
MASB,Bank Multiarta Sentosa Tbk.,2025-05-02,3300.0,3400.0,3290.0,3400.0,800
MASB,Bank Multiarta Sentosa Tbk.,2025-05-05,3400.0,3400.0,3400.0,3400.0,0
MASB,Bank Multiarta Sentosa Tbk.,2025-05-06,3260.0,3260.0,3260.0,3260.0,100
MASB,Bank Multiarta Sentosa Tbk.,2025-05-07,3270.0,3270.0,3270.0,3270.0,100
MASB,Bank Multiarta Sentosa Tbk.,2025-05-08,3270.0,3270.0,3270.0,3270.0,0
MASB,Bank Multiarta Sentosa Tbk.,2025-05-09,3280.0,3280.0,3280.0,3280.0,200
MASB,Bank Multiarta Sentosa Tbk.,2025-05-14,3280.0,3280.0,3280.0,3280.0,0
MASB,Bank Multiarta Sentosa Tbk.,2025-05-15,3280.0,3280.0,3280.0,3280.0,2000
MASB,Bank Multiarta Sentosa Tbk.,2025-05-16,3280.0,3280.0,3280.0,3280.0,500
MASB,Bank Multiarta Sentosa Tbk.,2025-05-19,3280.0,3280.0,3280.0,3280.0,3100
MASB,Bank Multiarta Sentosa Tbk.,2025-05-20,3380.0,3380.0,3350.0,3350.0,5100
MASB,Bank Multiarta Sentosa Tbk.,2025-05-21,3340.0,3360.0,3340.0,3360.0,300
MASB,Bank Multiarta Sentosa Tbk.,2025-05-22,3400.0,3400.0,3360.0,3360.0,200
MASB,Bank Multiarta Sentosa Tbk.,2025-05-23,3360.0,3360.0,3360.0,3360.0,0
MASB,Bank Multiarta Sentosa Tbk.,2025-05-26,3360.0,3360.0,3360.0,3360.0,0
MASB,Bank Multiarta Sentosa Tbk.,2025-05-27,3360.0,3360.0,3360.0,3360.0,0
MASB,Bank Multiarta Sentosa Tbk.,2025-05-28,3360.0,3360.0,3360.0,3360.0,0
MASB,Bank Multiarta Sentosa Tbk.,2025-06-02,3440.0,3440.0,3440.0,3440.0,100
MASB,Bank Multiarta Sentosa Tbk.,2025-06-03,3440.0,3440.0,3440.0,3440.0,3100
MASB,Bank Multiarta Sentosa Tbk.,2025-06-04,3440.0,3440.0,3440.0,3440.0,1100
MASB,Bank Multiarta Sentosa Tbk.,2025-06-05,3440.0,3440.0,3440.0,3440.0,200
MASB,Bank Multiarta Sentosa Tbk.,2025-06-10,3440.0,3440.0,3440.0,3440.0,0
MASB,Bank Multiarta Sentosa Tbk.,2025-06-11,3440.0,3440.0,3440.0,3440.0,100
MASB,Bank Multiarta Sentosa Tbk.,2025-06-12,3210.0,3260.0,3210.0,3260.0,400
MASB,Bank Multiarta Sentosa Tbk.,2025-06-13,3260.0,3260.0,3260.0,3260.0,0
MASB,Bank Multiarta Sentosa Tbk.,2025-06-16,3260.0,3260.0,3260.0,3260.0,200
MASB,Bank Multiarta Sentosa Tbk.,2025-06-17,3280.0,3280.0,3280.0,3280.0,1300
MASB,Bank Multiarta Sentosa Tbk.,2025-06-18,3290.0,3290.0,3290.0,3290.0,200
MASB,Bank Multiarta Sentosa Tbk.,2025-06-19,3290.0,3290.0,3290.0,3290.0,200
MASB,Bank Multiarta Sentosa Tbk.,2025-06-20,3290.0,3290.0,3290.0,3290.0,0
MASB,Bank Multiarta Sentosa Tbk.,2025-06-23,3290.0,3290.0,3290.0,3290.0,0
MASB,Bank Multiarta Sentosa Tbk.,2025-06-24,3290.0,3290.0,3290.0,3290.0,200
MASB,Bank Multiarta Sentosa Tbk.,2025-06-25,3290.0,3290.0,3280.0,3280.0,700
MASB,Bank Multiarta Sentosa Tbk.,2025-06-26,3280.0,3280.0,3280.0,3280.0,0
MASB,Bank Multiarta Sentosa Tbk.,2025-06-30,3290.0,3500.0,3290.0,3500.0,5600
MASB,Bank Multiarta Sentosa Tbk.,2025-07-01,3550.0,3550.0,3550.0,3550.0,5100
MASB,Bank Multiarta Sentosa Tbk.,2025-07-02,3550.0,3550.0,3550.0,3550.0,0
MASB,Bank Multiarta Sentosa Tbk.,2025-07-03,3550.0,3550.0,3550.0,3550.0,0
MASB,Bank Multiarta Sentosa Tbk.,2025-07-04,3550.0,3550.0,3550.0,3550.0,0
MASB,Bank Multiarta Sentosa Tbk.,2025-07-07,3400.0,3400.0,3350.0,3350.0,300
MASB,Bank Multiarta Sentosa Tbk.,2025-07-08,3500.0,3530.0,3270.0,3320.0,3400
MASB,Bank Multiarta Sentosa Tbk.,2025-07-09,3540.0,3540.0,3240.0,3260.0,1900
MASB,Bank Multiarta Sentosa Tbk.,2025-07-10,3530.0,3530.0,3280.0,3290.0,12500
MASB,Bank Multiarta Sentosa Tbk.,2025-07-11,3300.0,3410.0,3280.0,3350.0,2900
MASB,Bank Multiarta Sentosa Tbk.,2025-07-14,3300.0,3440.0,3290.0,3290.0,1200
MASB,Bank Multiarta Sentosa Tbk.,2025-07-15,3400.0,3420.0,3400.0,3420.0,200
MASB,Bank Multiarta Sentosa Tbk.,2025-07-16,3300.0,3300.0,3290.0,3300.0,400
MASB,Bank Multiarta Sentosa Tbk.,2025-07-17,3300.0,3400.0,3290.0,3290.0,600
MASB,Bank Multiarta Sentosa Tbk.,2025-07-18,3390.0,3400.0,3370.0,3400.0,2800
MASB,Bank Multiarta Sentosa Tbk.,2025-07-21,3400.0,3400.0,3400.0,3400.0,200
MASB,Bank Multiarta Sentosa Tbk.,2025-07-22,3300.0,3300.0,3300.0,3300.0,500
MASB,Bank Multiarta Sentosa Tbk.,2025-07-23,3390.0,3390.0,3300.0,3300.0,3100
MASB,Bank Multiarta Sentosa Tbk.,2025-07-24,3290.0,3300.0,3290.0,3300.0,500
MASB,Bank Multiarta Sentosa Tbk.,2025-07-25,3300.0,3300.0,3300.0,3300.0,200
MASB,Bank Multiarta Sentosa Tbk.,2025-07-28,3400.0,3400.0,3300.0,3350.0,800
MASB,Bank Multiarta Sentosa Tbk.,2025-07-29,3350.0,3350.0,3330.0,3330.0,400
MASB,Bank Multiarta Sentosa Tbk.,2025-07-30,3350.0,3400.0,3300.0,3300.0,4700
MASB,Bank Multiarta Sentosa Tbk.,2025-07-31,3420.0,3420.0,3420.0,3420.0,100
MASB,Bank Multiarta Sentosa Tbk.,2025-08-01,3400.0,3400.0,3200.0,3200.0,2800
MASB,Bank Multiarta Sentosa Tbk.,2025-08-04,3310.0,3340.0,3210.0,3320.0,1000
MASB,Bank Multiarta Sentosa Tbk.,2025-08-05,3340.0,3340.0,3340.0,3340.0,100
MASB,Bank Multiarta Sentosa Tbk.,2025-08-06,3250.0,3330.0,3210.0,3320.0,1600
MASB,Bank Multiarta Sentosa Tbk.,2025-08-07,3210.0,3310.0,3210.0,3220.0,1300
MASB,Bank Multiarta Sentosa Tbk.,2025-08-08,3310.0,3330.0,3210.0,3210.0,1000
MASB,Bank Multiarta Sentosa Tbk.,2025-08-11,3310.0,3340.0,3300.0,3300.0,500
MASB,Bank Multiarta Sentosa Tbk.,2025-08-12,3210.0,3270.0,3210.0,3270.0,2100
MASB,Bank Multiarta Sentosa Tbk.,2025-08-13,3420.0,3420.0,3260.0,3340.0,2500
MASB,Bank Multiarta Sentosa Tbk.,2025-08-14,3220.0,3300.0,3220.0,3300.0,200
MASB,Bank Multiarta Sentosa Tbk.,2025-08-15,3380.0,3380.0,3240.0,3320.0,1300
MASB,Bank Multiarta Sentosa Tbk.,2025-08-18,,,,,
MASB,Bank Multiarta Sentosa Tbk.,2025-08-19,3310.0,3320.0,3260.0,3320.0,1300
MASB,Bank Multiarta Sentosa Tbk.,2025-08-20,3230.0,3360.0,3220.0,3340.0,1400
MASB,Bank Multiarta Sentosa Tbk.,2025-08-21,3220.0,3300.0,3220.0,3280.0,1700
MASB,Bank Multiarta Sentosa Tbk.,2025-08-22,3280.0,3280.0,3270.0,3270.0,200
MASB,Bank Multiarta Sentosa Tbk.,2025-08-25,3210.0,3350.0,3200.0,3320.0,1800
MASB,Bank Multiarta Sentosa Tbk.,2025-08-26,3220.0,3240.0,3220.0,3220.0,900
MASB,Bank Multiarta Sentosa Tbk.,2025-08-27,3550.0,3590.0,3210.0,3220.0,14100
MASB,Bank Multiarta Sentosa Tbk.,2025-08-28,3210.0,3300.0,3210.0,3300.0,600
MASB,Bank Multiarta Sentosa Tbk.,2025-08-29,3220.0,3260.0,3200.0,3260.0,3300
MASB,Bank Multiarta Sentosa Tbk.,2025-09-01,3210.0,3270.0,3210.0,3220.0,2300
MASB,Bank Multiarta Sentosa Tbk.,2025-09-02,3290.0,3380.0,3260.0,3350.0,1000
MASB,Bank Multiarta Sentosa Tbk.,2025-09-03,3350.0,3350.0,3350.0,3350.0,0
MASB,Bank Multiarta Sentosa Tbk.,2025-09-04,3260.0,3340.0,3250.0,3340.0,800
MASB,Bank Multiarta Sentosa Tbk.,2025-09-05,,,,,
MASB,Bank Multiarta Sentosa Tbk.,2025-09-08,3240.0,3330.0,3230.0,3330.0,600
MASB,Bank Multiarta Sentosa Tbk.,2025-09-09,3340.0,3400.0,3250.0,3270.0,3900
MASB,Bank Multiarta Sentosa Tbk.,2025-09-10,3370.0,3370.0,3250.0,3250.0,500
MASB,Bank Multiarta Sentosa Tbk.,2025-09-11,3350.0,3380.0,3290.0,3290.0,1200
MASB,Bank Multiarta Sentosa Tbk.,2025-09-12,3320.0,3320.0,3290.0,3300.0,500
MASB,Bank Multiarta Sentosa Tbk.,2025-09-15,3300.0,3300.0,3250.0,3250.0,600
MASB,Bank Multiarta Sentosa Tbk.,2025-09-16,3220.0,3250.0,3220.0,3250.0,600
MASB,Bank Multiarta Sentosa Tbk.,2025-09-17,3250.0,3250.0,3230.0,3230.0,1100
MASB,Bank Multiarta Sentosa Tbk.,2025-09-18,3250.0,3250.0,3200.0,3200.0,3000
MASB,Bank Multiarta Sentosa Tbk.,2025-09-19,3210.0,3370.0,3200.0,3340.0,4300
MASB,Bank Multiarta Sentosa Tbk.,2025-09-22,3340.0,3540.0,3200.0,3380.0,7600
MASB,Bank Multiarta Sentosa Tbk.,2025-09-23,3400.0,3400.0,3250.0,3250.0,2000
MASB,Bank Multiarta Sentosa Tbk.,2025-09-24,3250.0,3320.0,3210.0,3210.0,1900
MASB,Bank Multiarta Sentosa Tbk.,2025-09-25,3210.0,3210.0,3210.0,3210.0,0
MASB,Bank Multiarta Sentosa Tbk.,2025-09-26,3300.0,3300.0,3300.0,3300.0,100
